Month,Model,Params,Pooled_Accuracy,Patient_Accuracy_Mean,Patient_Accuracy_Std,Pooled_Baseline,Patient_Baseline
Mes 3,LogisticRegression,"C=0.01, solver=lbfgs",0.7209090909090909,0.7209090909090909,0.08215083889150804,0.8327272727272728,0.8327272727272728
Mes 3,LogisticRegression,"C=0.01, solver=newton-cholesky",0.7209090909090909,0.7209090909090909,0.08215083889150804,0.8327272727272728,0.8327272727272728
Mes 3,LogisticRegression,"C=0.01, solver=saga",0.7218181818181818,0.7218181818181819,0.08138267933576386,0.8327272727272728,0.8327272727272728
Mes 3,LogisticRegression,"C=0.05, solver=lbfgs",0.7763636363636364,0.7763636363636364,0.05687451752588017,0.8327272727272728,0.8327272727272728
Mes 3,LogisticRegression,"C=0.05, solver=newton-cholesky",0.7763636363636364,0.7763636363636364,0.05687451752588017,0.8327272727272728,0.8327272727272728
Mes 3,LogisticRegression,"C=0.05, solver=saga",0.7763636363636364,0.7763636363636364,0.05687451752588017,0.8327272727272728,0.8327272727272728
Mes 3,LogisticRegression,"C=0.1, solver=lbfgs",0.8009090909090909,0.800909090909091,0.040594751930483806,0.8327272727272728,0.8327272727272728
Mes 3,LogisticRegression,"C=0.1, solver=newton-cholesky",0.8009090909090909,0.800909090909091,0.040594751930483806,0.8327272727272728,0.8327272727272728
Mes 3,LogisticRegression,"C=0.1, solver=saga",0.8009090909090909,0.800909090909091,0.040594751930483806,0.8327272727272728,0.8327272727272728
Mes 3,LogisticRegression,"C=0.5, solver=lbfgs",0.8209090909090909,0.8209090909090909,0.04596081694459832,0.8327272727272728,0.8327272727272728
Mes 3,LogisticRegression,"C=0.5, solver=newton-cholesky",0.8209090909090909,0.8209090909090909,0.04596081694459832,0.8327272727272728,0.8327272727272728
Mes 3,LogisticRegression,"C=0.5, solver=saga",0.8209090909090909,0.8209090909090909,0.04596081694459832,0.8327272727272728,0.8327272727272728
Mes 3,LogisticRegression,"C=1, solver=lbfgs",0.8327272727272728,0.8327272727272728,0.04485053230379638,0.8327272727272728,0.8327272727272728
Mes 3,LogisticRegression,"C=1, solver=newton-cholesky",0.8318181818181818,0.8318181818181818,0.04435022151872895,0.8327272727272728,0.8327272727272728
Mes 3,LogisticRegression,"C=1, solver=saga",0.8318181818181818,0.8318181818181818,0.04435022151872895,0.8327272727272728,0.8327272727272728
Mes 3,LogisticRegression,"C=5, solver=lbfgs",0.8327272727272728,0.8327272727272728,0.050811594954480434,0.8327272727272728,0.8327272727272728
Mes 3,LogisticRegression,"C=5, solver=newton-cholesky",0.8327272727272728,0.8327272727272728,0.050811594954480434,0.8327272727272728,0.8327272727272728
Mes 3,LogisticRegression,"C=5, solver=saga",0.8309090909090909,0.8309090909090908,0.04990900811385747,0.8327272727272728,0.8327272727272728
Mes 3,LogisticRegression,"C=10, solver=lbfgs",0.83,0.8300000000000001,0.05645154435003646,0.8327272727272728,0.8327272727272728
Mes 3,LogisticRegression,"C=10, solver=newton-cholesky",0.8318181818181818,0.8318181818181818,0.05742404253583185,0.8327272727272728,0.8327272727272728
Mes 3,LogisticRegression,"C=10, solver=saga",0.8318181818181818,0.8318181818181818,0.052774273722545416,0.8327272727272728,0.8327272727272728
Mes 3,LogisticRegression,"C=50, solver=lbfgs",0.8254545454545454,0.8254545454545456,0.05645154435003645,0.8327272727272728,0.8327272727272728
Mes 3,LogisticRegression,"C=50, solver=newton-cholesky",0.8272727272727273,0.8272727272727274,0.05792557208026907,0.8327272727272728,0.8327272727272728
Mes 3,LogisticRegression,"C=50, solver=saga",0.8236363636363636,0.8236363636363636,0.05766818737146802,0.8327272727272728,0.8327272727272728
Mes 3,LogisticRegression,"C=100, solver=lbfgs",0.8181818181818182,0.8181818181818181,0.05355155081826597,0.8327272727272728,0.8327272727272728
Mes 3,LogisticRegression,"C=100, solver=newton-cholesky",0.8190909090909091,0.8190909090909091,0.05272727272727273,0.8327272727272728,0.8327272727272728
Mes 3,LogisticRegression,"C=100, solver=saga",0.8245454545454546,0.8245454545454546,0.06027485256091189,0.8327272727272728,0.8327272727272728
Mes 3,SVM,"C=0.1, kernel=rbf, gamma=scale",0.6345454545454545,0.6345454545454545,0.12161448369593196,0.7936363636363636,0.7936363636363636
Mes 3,SVM,"C=0.1, kernel=rbf, gamma=auto",0.6345454545454545,0.6345454545454545,0.12161448369593196,0.7936363636363636,0.7936363636363636
Mes 3,SVM,"C=0.1, kernel=rbf, gamma=0.01",0.5945454545454546,0.5945454545454545,0.1332802924803077,0.7936363636363636,0.7936363636363636
Mes 3,SVM,"C=0.1, kernel=rbf, gamma=0.1",0.6509090909090909,0.650909090909091,0.031148803089112408,0.7936363636363636,0.7936363636363636
Mes 3,SVM,"C=0.1, kernel=linear, gamma=scale",0.7963636363636364,0.7963636363636364,0.0451260859854213,0.7936363636363636,0.7936363636363636
Mes 3,SVM,"C=0.1, kernel=linear, gamma=auto",0.7963636363636364,0.7963636363636364,0.0451260859854213,0.7936363636363636,0.7936363636363636
Mes 3,SVM,"C=0.1, kernel=linear, gamma=0.01",0.7963636363636364,0.7963636363636364,0.0451260859854213,0.7936363636363636,0.7936363636363636
Mes 3,SVM,"C=0.1, kernel=linear, gamma=0.1",0.7963636363636364,0.7963636363636364,0.0451260859854213,0.7936363636363636,0.7936363636363636
Mes 3,SVM,"C=1, kernel=rbf, gamma=scale",0.7936363636363636,0.7936363636363636,0.08240195777181572,0.7936363636363636,0.7936363636363636
Mes 3,SVM,"C=1, kernel=rbf, gamma=auto",0.7936363636363636,0.7936363636363636,0.08240195777181572,0.7936363636363636,0.7936363636363636
Mes 3,SVM,"C=1, kernel=rbf, gamma=0.01",0.7727272727272727,0.7727272727272727,0.09456293544687888,0.7936363636363636,0.7936363636363636
Mes 3,SVM,"C=1, kernel=rbf, gamma=0.1",0.7890909090909091,0.7890909090909091,0.0824019577718157,0.7936363636363636,0.7936363636363636
Mes 3,SVM,"C=1, kernel=linear, gamma=scale",0.8009090909090909,0.8009090909090908,0.061550221381130046,0.7936363636363636,0.7936363636363636
Mes 3,SVM,"C=1, kernel=linear, gamma=auto",0.8009090909090909,0.8009090909090908,0.061550221381130046,0.7936363636363636,0.7936363636363636
Mes 3,SVM,"C=1, kernel=linear, gamma=0.01",0.8009090909090909,0.8009090909090908,0.061550221381130046,0.7936363636363636,0.7936363636363636
Mes 3,SVM,"C=1, kernel=linear, gamma=0.1",0.8009090909090909,0.8009090909090908,0.061550221381130046,0.7936363636363636,0.7936363636363636
Mes 3,SVM,"C=10, kernel=rbf, gamma=scale",0.8245454545454546,0.8245454545454545,0.06842985187839569,0.7936363636363636,0.7936363636363636
Mes 3,SVM,"C=10, kernel=rbf, gamma=auto",0.8245454545454546,0.8245454545454545,0.06842985187839569,0.7936363636363636,0.7936363636363636
Mes 3,SVM,"C=10, kernel=rbf, gamma=0.01",0.8272727272727273,0.8272727272727272,0.06265476705495553,0.7936363636363636,0.7936363636363636
Mes 3,SVM,"C=10, kernel=rbf, gamma=0.1",0.7936363636363636,0.7936363636363636,0.08164628407024621,0.7936363636363636,0.7936363636363636
Mes 3,SVM,"C=10, kernel=linear, gamma=scale",0.7954545454545454,0.7954545454545454,0.060233704630827084,0.7936363636363636,0.7936363636363636
Mes 3,SVM,"C=10, kernel=linear, gamma=auto",0.7954545454545454,0.7954545454545454,0.060233704630827084,0.7936363636363636,0.7936363636363636
Mes 3,SVM,"C=10, kernel=linear, gamma=0.01",0.7954545454545454,0.7954545454545454,0.060233704630827084,0.7936363636363636,0.7936363636363636
Mes 3,SVM,"C=10, kernel=linear, gamma=0.1",0.7954545454545454,0.7954545454545454,0.060233704630827084,0.7936363636363636,0.7936363636363636
Mes 3,SVM,"C=100, kernel=rbf, gamma=scale",0.8363636363636363,0.8363636363636363,0.06064392756421064,0.7936363636363636,0.7936363636363636
Mes 3,SVM,"C=100, kernel=rbf, gamma=auto",0.8363636363636363,0.8363636363636363,0.06064392756421064,0.7936363636363636,0.7936363636363636
Mes 3,SVM,"C=100, kernel=rbf, gamma=0.01",0.8427272727272728,0.8427272727272728,0.04984272786135562,0.7936363636363636,0.7936363636363636
Mes 3,SVM,"C=100, kernel=rbf, gamma=0.1",0.7954545454545454,0.7954545454545455,0.07909613357874982,0.7936363636363636,0.7936363636363636
Mes 3,SVM,"C=100, kernel=linear, gamma=scale",0.7909090909090909,0.7909090909090909,0.059265476410933174,0.7936363636363636,0.7936363636363636
Mes 3,SVM,"C=100, kernel=linear, gamma=auto",0.7909090909090909,0.7909090909090909,0.059265476410933174,0.7936363636363636,0.7936363636363636
Mes 3,SVM,"C=100, kernel=linear, gamma=0.01",0.7909090909090909,0.7909090909090909,0.059265476410933174,0.7936363636363636,0.7936363636363636
Mes 3,SVM,"C=100, kernel=linear, gamma=0.1",0.7909090909090909,0.7909090909090909,0.059265476410933174,0.7936363636363636,0.7936363636363636
Mes 3,kNN,"n_neighbors=3, metric=chebyshev, weights=uniform",0.6854545454545454,0.6854545454545455,0.04736005919138583,0.6463636363636364,0.6463636363636363
Mes 3,kNN,"n_neighbors=3, metric=chebyshev, weights=distance",0.6972727272727273,0.6972727272727273,0.044776764930999094,0.6463636363636364,0.6463636363636363
Mes 3,kNN,"n_neighbors=3, metric=euclidean, weights=uniform",0.7336363636363636,0.7336363636363636,0.10673981651545061,0.6463636363636364,0.6463636363636363
Mes 3,kNN,"n_neighbors=3, metric=euclidean, weights=distance",0.7481818181818182,0.7481818181818183,0.10166384406504922,0.6463636363636364,0.6463636363636363
Mes 3,kNN,"n_neighbors=3, metric=manhattan, weights=uniform",0.7290909090909091,0.7290909090909091,0.12523036623798228,0.6463636363636364,0.6463636363636363
Mes 3,kNN,"n_neighbors=3, metric=manhattan, weights=distance",0.7418181818181818,0.7418181818181819,0.11717755123058636,0.6463636363636364,0.6463636363636363
Mes 3,kNN,"n_neighbors=5, metric=chebyshev, weights=uniform",0.6636363636363637,0.6636363636363637,0.06125411101062915,0.6463636363636364,0.6463636363636363
Mes 3,kNN,"n_neighbors=5, metric=chebyshev, weights=distance",0.6845454545454546,0.6845454545454546,0.052586017687198436,0.6463636363636364,0.6463636363636363
Mes 3,kNN,"n_neighbors=5, metric=euclidean, weights=uniform",0.7145454545454546,0.7145454545454546,0.11139238960902993,0.6463636363636364,0.6463636363636363
Mes 3,kNN,"n_neighbors=5, metric=euclidean, weights=distance",0.7381818181818182,0.738181818181818,0.10545454545454544,0.6463636363636364,0.6463636363636363
Mes 3,kNN,"n_neighbors=5, metric=manhattan, weights=uniform",0.7372727272727273,0.7372727272727273,0.11710700058825205,0.6463636363636364,0.6463636363636363
Mes 3,kNN,"n_neighbors=5, metric=manhattan, weights=distance",0.7536363636363637,0.7536363636363637,0.11120675406089475,0.6463636363636364,0.6463636363636363
Mes 3,kNN,"n_neighbors=7, metric=chebyshev, weights=uniform",0.6454545454545455,0.6454545454545455,0.06796936597279542,0.6463636363636364,0.6463636363636363
Mes 3,kNN,"n_neighbors=7, metric=chebyshev, weights=distance",0.6618181818181819,0.6618181818181819,0.05313323344073623,0.6463636363636364,0.6463636363636363
Mes 3,kNN,"n_neighbors=7, metric=euclidean, weights=uniform",0.7163636363636363,0.7163636363636363,0.1160507156162396,0.6463636363636364,0.6463636363636363
Mes 3,kNN,"n_neighbors=7, metric=euclidean, weights=distance",0.7254545454545455,0.7254545454545455,0.11349445684938624,0.6463636363636364,0.6463636363636363
Mes 3,kNN,"n_neighbors=7, metric=manhattan, weights=uniform",0.7236363636363636,0.7236363636363636,0.12519076352801461,0.6463636363636364,0.6463636363636363
Mes 3,kNN,"n_neighbors=7, metric=manhattan, weights=distance",0.7345454545454545,0.7345454545454546,0.12463500430264629,0.6463636363636364,0.6463636363636363
Mes 3,kNN,"n_neighbors=10, metric=chebyshev, weights=uniform",0.6463636363636364,0.6463636363636363,0.06823634183561893,0.6463636363636364,0.6463636363636363
Mes 3,kNN,"n_neighbors=10, metric=chebyshev, weights=distance",0.6609090909090909,0.6609090909090909,0.055788858154786375,0.6463636363636364,0.6463636363636363
Mes 3,kNN,"n_neighbors=10, metric=euclidean, weights=uniform",0.69,0.69,0.11479050267392434,0.6463636363636364,0.6463636363636363
Mes 3,kNN,"n_neighbors=10, metric=euclidean, weights=distance",0.7272727272727273,0.7272727272727273,0.11365454400023266,0.6463636363636364,0.6463636363636363
Mes 3,kNN,"n_neighbors=10, metric=manhattan, weights=uniform",0.7072727272727273,0.7072727272727273,0.12239348548536477,0.6463636363636364,0.6463636363636363
Mes 3,kNN,"n_neighbors=10, metric=manhattan, weights=distance",0.7190909090909091,0.7190909090909091,0.1193439366143566,0.6463636363636364,0.6463636363636363
Mes 3,kNN,"n_neighbors=15, metric=chebyshev, weights=uniform",0.6336363636363637,0.6336363636363636,0.06289174747791991,0.6463636363636364,0.6463636363636363
Mes 3,kNN,"n_neighbors=15, metric=chebyshev, weights=distance",0.6563636363636364,0.6563636363636364,0.05739525133696217,0.6463636363636364,0.6463636363636363
Mes 3,kNN,"n_neighbors=15, metric=euclidean, weights=uniform",0.69,0.69,0.10884062197422219,0.6463636363636364,0.6463636363636363
Mes 3,kNN,"n_neighbors=15, metric=euclidean, weights=distance",0.7036363636363636,0.7036363636363636,0.10532907896698354,0.6463636363636364,0.6463636363636363
Mes 3,kNN,"n_neighbors=15, metric=manhattan, weights=uniform",0.7072727272727273,0.7072727272727273,0.12397013769986026,0.6463636363636364,0.6463636363636363
Mes 3,kNN,"n_neighbors=15, metric=manhattan, weights=distance",0.72,0.72,0.1226969659549308,0.6463636363636364,0.6463636363636363
Mes 3,kNN,"n_neighbors=20, metric=chebyshev, weights=uniform",0.6254545454545455,0.6254545454545456,0.07236272269866326,0.6463636363636364,0.6463636363636363
Mes 3,kNN,"n_neighbors=20, metric=chebyshev, weights=distance",0.6509090909090909,0.6509090909090909,0.062284338665311405,0.6463636363636364,0.6463636363636363
Mes 3,kNN,"n_neighbors=20, metric=euclidean, weights=uniform",0.6845454545454546,0.6845454545454546,0.10934062328716827,0.6463636363636364,0.6463636363636363
Mes 3,kNN,"n_neighbors=20, metric=euclidean, weights=distance",0.71,0.7100000000000001,0.10838407372864581,0.6463636363636364,0.6463636363636363
Mes 3,kNN,"n_neighbors=20, metric=manhattan, weights=uniform",0.6990909090909091,0.699090909090909,0.11788073535822147,0.6463636363636364,0.6463636363636363
Mes 3,kNN,"n_neighbors=20, metric=manhattan, weights=distance",0.72,0.72,0.1183425480445894,0.6463636363636364,0.6463636363636363
Mes 3,RandomForest,"n_estimators=500, max_depth=10, min_samples_split=2, max_features=sqrt",0.8136363636363636,0.8136363636363637,0.07567874686642696,0.8045454545454546,0.8045454545454545
Mes 3,RandomForest,"n_estimators=100, max_depth=20, min_samples_split=2, max_features=log2",0.7963636363636364,0.7963636363636363,0.09771775852207477,0.8045454545454546,0.8045454545454545
Mes 3,RandomForest,"n_estimators=300, max_depth=10, min_samples_split=2, max_features=log2",0.8027272727272727,0.8027272727272727,0.08598481511146064,0.8045454545454546,0.8045454545454545
Mes 3,RandomForest,"n_estimators=300, max_depth=20, min_samples_split=10, max_features=log2",0.7981818181818182,0.7981818181818181,0.08118950386096764,0.8045454545454546,0.8045454545454545
Mes 3,RandomForest,"n_estimators=200, max_depth=20, min_samples_split=2, max_features=None",0.7972727272727272,0.7972727272727272,0.06842985187839568,0.8045454545454546,0.8045454545454545
Mes 3,RandomForest,"n_estimators=100, max_depth=10, min_samples_split=5, max_features=sqrt",0.8054545454545454,0.8054545454545454,0.08348801071940985,0.8045454545454546,0.8045454545454545
Mes 3,RandomForest,"n_estimators=500, max_depth=20, min_samples_split=10, max_features=sqrt",0.8027272727272727,0.8027272727272727,0.0771710561080153,0.8045454545454546,0.8045454545454545
Mes 3,RandomForest,"n_estimators=200, max_depth=30, min_samples_split=2, max_features=None",0.7972727272727272,0.7972727272727272,0.06842985187839568,0.8045454545454546,0.8045454545454545
Mes 3,RandomForest,"n_estimators=200, max_depth=30, min_samples_split=5, max_features=sqrt",0.8063636363636364,0.8063636363636364,0.08384361672850058,0.8045454545454546,0.8045454545454545
Mes 3,RandomForest,"n_estimators=100, max_depth=20, min_samples_split=2, max_features=sqrt",0.8,0.8,0.0837153776961552,0.8045454545454546,0.8045454545454545
Mes 3,RandomForest,"n_estimators=200, max_depth=10, min_samples_split=10, max_features=sqrt",0.8027272727272727,0.8027272727272727,0.0791796785015152,0.8045454545454546,0.8045454545454545
Mes 3,RandomForest,"n_estimators=300, max_depth=None, min_samples_split=10, max_features=sqrt",0.8072727272727273,0.8072727272727273,0.077598244846812,0.8045454545454546,0.8045454545454545
Mes 3,RandomForest,"n_estimators=300, max_depth=20, min_samples_split=5, max_features=log2",0.8072727272727273,0.8072727272727273,0.08612886750783282,0.8045454545454546,0.8045454545454545
Mes 3,RandomForest,"n_estimators=500, max_depth=20, min_samples_split=10, max_features=log2",0.8054545454545454,0.8054545454545454,0.08148416669198749,0.8045454545454546,0.8045454545454545
Mes 3,RandomForest,"n_estimators=300, max_depth=30, min_samples_split=2, max_features=log2",0.8045454545454546,0.8045454545454545,0.0909090909090909,0.8045454545454546,0.8045454545454545
Mes 3,RandomForest,"n_estimators=200, max_depth=30, min_samples_split=2, max_features=log2",0.8054545454545454,0.8054545454545454,0.09423024378072682,0.8045454545454546,0.8045454545454545
Mes 3,RandomForest,"n_estimators=100, max_depth=30, min_samples_split=2, max_features=sqrt",0.8,0.8,0.0837153776961552,0.8045454545454546,0.8045454545454545
Mes 3,RandomForest,"n_estimators=200, max_depth=30, min_samples_split=10, max_features=sqrt",0.8063636363636364,0.8063636363636364,0.07411182080795937,0.8045454545454546,0.8045454545454545
Mes 3,RandomForest,"n_estimators=500, max_depth=10, min_samples_split=10, max_features=None",0.7954545454545454,0.7954545454545455,0.064730847705156,0.8045454545454546,0.8045454545454545
Mes 3,RandomForest,"n_estimators=300, max_depth=None, min_samples_split=2, max_features=log2",0.8045454545454546,0.8045454545454545,0.0909090909090909,0.8045454545454546,0.8045454545454545
Mes 3,RandomForest,"n_estimators=100, max_depth=10, min_samples_split=2, max_features=None",0.8009090909090909,0.8009090909090908,0.06314092856067394,0.8045454545454546,0.8045454545454545
Mes 3,RandomForest,"n_estimators=500, max_depth=10, min_samples_split=2, max_features=None",0.7972727272727272,0.7972727272727272,0.06770133731603953,0.8045454545454546,0.8045454545454545
Mes 3,RandomForest,"n_estimators=500, max_depth=None, min_samples_split=2, max_features=None",0.7981818181818182,0.7981818181818181,0.06634495378370524,0.8045454545454546,0.8045454545454545
Mes 3,RandomForest,"n_estimators=500, max_depth=None, min_samples_split=5, max_features=None",0.8009090909090909,0.800909090909091,0.06558068653407796,0.8045454545454546,0.8045454545454545
Mes 3,RandomForest,"n_estimators=200, max_depth=20, min_samples_split=2, max_features=log2",0.8054545454545454,0.8054545454545454,0.09423024378072682,0.8045454545454546,0.8045454545454545
Mes 3,RandomForest,"n_estimators=200, max_depth=10, min_samples_split=2, max_features=sqrt",0.8036363636363636,0.8036363636363637,0.08597520303663189,0.8045454545454546,0.8045454545454545
Mes 3,RandomForest,"n_estimators=100, max_depth=10, min_samples_split=2, max_features=sqrt",0.7981818181818182,0.7981818181818181,0.08492096471386723,0.8045454545454546,0.8045454545454545
Mes 3,RandomForest,"n_estimators=100, max_depth=None, min_samples_split=5, max_features=log2",0.8045454545454546,0.8045454545454545,0.08146387933534491,0.8045454545454546,0.8045454545454545
Mes 3,RandomForest,"n_estimators=100, max_depth=20, min_samples_split=10, max_features=None",0.7972727272727272,0.7972727272727272,0.06269432599842424,0.8045454545454546,0.8045454545454545
Mes 3,RandomForest,"n_estimators=500, max_depth=10, min_samples_split=10, max_features=log2",0.8054545454545454,0.8054545454545454,0.08148416669198749,0.8045454545454546,0.8045454545454545
Mes 3,RandomForest,"n_estimators=100, max_depth=30, min_samples_split=5, max_features=log2",0.8045454545454546,0.8045454545454545,0.08146387933534491,0.8045454545454546,0.8045454545454545
Mes 3,RandomForest,"n_estimators=300, max_depth=20, min_samples_split=10, max_features=None",0.7972727272727272,0.7972727272727272,0.05832369066307432,0.8045454545454546,0.8045454545454545
Mes 3,RandomForest,"n_estimators=200, max_depth=None, min_samples_split=2, max_features=sqrt",0.8036363636363636,0.8036363636363635,0.08607127548032452,0.8045454545454546,0.8045454545454545
Mes 3,RandomForest,"n_estimators=100, max_depth=10, min_samples_split=10, max_features=log2",0.8018181818181818,0.801818181818182,0.09175065023301916,0.8045454545454546,0.8045454545454545
Mes 3,RandomForest,"n_estimators=100, max_depth=10, min_samples_split=2, max_features=log2",0.7981818181818182,0.7981818181818182,0.09393157347701447,0.8045454545454546,0.8045454545454545
Mes 3,RandomForest,"n_estimators=300, max_depth=20, min_samples_split=5, max_features=sqrt",0.8118181818181818,0.8118181818181818,0.07759824484681202,0.8045454545454546,0.8045454545454545
Mes 3,RandomForest,"n_estimators=500, max_depth=None, min_samples_split=5, max_features=sqrt",0.8081818181818182,0.8081818181818182,0.08025784892488455,0.8045454545454546,0.8045454545454545
Mes 3,RandomForest,"n_estimators=200, max_depth=None, min_samples_split=10, max_features=sqrt",0.8063636363636364,0.8063636363636364,0.07411182080795937,0.8045454545454546,0.8045454545454545
Mes 3,RandomForest,"n_estimators=500, max_depth=10, min_samples_split=2, max_features=log2",0.8072727272727273,0.8072727272727273,0.08179797730328722,0.8045454545454546,0.8045454545454545
Mes 3,RandomForest,"n_estimators=500, max_depth=20, min_samples_split=2, max_features=log2",0.8045454545454546,0.8045454545454545,0.087196936787504,0.8045454545454546,0.8045454545454545
Mes 3,RandomForest,"n_estimators=300, max_depth=20, min_samples_split=10, max_features=sqrt",0.8072727272727273,0.8072727272727273,0.077598244846812,0.8045454545454546,0.8045454545454545
Mes 3,RandomForest,"n_estimators=200, max_depth=20, min_samples_split=10, max_features=sqrt",0.8063636363636364,0.8063636363636364,0.07411182080795937,0.8045454545454546,0.8045454545454545
Mes 3,RandomForest,"n_estimators=100, max_depth=None, min_samples_split=2, max_features=sqrt",0.8,0.8,0.0837153776961552,0.8045454545454546,0.8045454545454545
Mes 3,RandomForest,"n_estimators=300, max_depth=10, min_samples_split=5, max_features=sqrt",0.8109090909090909,0.8109090909090909,0.07912747326177799,0.8045454545454546,0.8045454545454545
Mes 3,RandomForest,"n_estimators=100, max_depth=30, min_samples_split=2, max_features=log2",0.7963636363636364,0.7963636363636363,0.09771775852207477,0.8045454545454546,0.8045454545454545
Mes 3,RandomForest,"n_estimators=200, max_depth=None, min_samples_split=5, max_features=log2",0.8072727272727273,0.8072727272727273,0.08423697388080273,0.8045454545454546,0.8045454545454545
Mes 3,RandomForest,"n_estimators=300, max_depth=10, min_samples_split=5, max_features=None",0.8009090909090909,0.800909090909091,0.06294428862950457,0.8045454545454546,0.8045454545454545
Mes 3,RandomForest,"n_estimators=100, max_depth=20, min_samples_split=10, max_features=sqrt",0.8036363636363636,0.8036363636363637,0.09312747861253022,0.8045454545454546,0.8045454545454545
Mes 3,RandomForest,"n_estimators=100, max_depth=20, min_samples_split=10, max_features=log2",0.8027272727272727,0.8027272727272727,0.09029794575882923,0.8045454545454546,0.8045454545454545
Mes 3,RandomForest,"n_estimators=100, max_depth=20, min_samples_split=5, max_features=None",0.8009090909090909,0.800909090909091,0.059013935880427214,0.8045454545454546,0.8045454545454545
Mes 3,NaiveBayes,var_smoothing=1e-10,0.58,0.58,0.10918934952451534,0.58,0.58
Mes 3,NaiveBayes,var_smoothing=1e-09,0.58,0.58,0.10918934952451534,0.58,0.58
Mes 3,NaiveBayes,var_smoothing=1e-08,0.58,0.58,0.10918934952451534,0.58,0.58
Mes 3,NaiveBayes,var_smoothing=1e-07,0.58,0.58,0.10918934952451534,0.58,0.58
Mes 3,NaiveBayes,var_smoothing=1e-06,0.58,0.58,0.10918934952451534,0.58,0.58
Mes 3,MLP,"hidden_layer_sizes=(7,), alpha=0.0001, learning_rate_init=0.001",0.5172727272727272,0.5172727272727272,0.18810494696945151,0.5172727272727272,0.5172727272727272
Mes 3,MLP,"hidden_layer_sizes=(7,), alpha=0.0001, learning_rate_init=0.01",0.7118181818181818,0.7118181818181819,0.09286976573907006,0.5172727272727272,0.5172727272727272
Mes 3,MLP,"hidden_layer_sizes=(7,), alpha=0.0001, learning_rate_init=0.1",0.7327272727272728,0.7327272727272728,0.061951727408730256,0.5172727272727272,0.5172727272727272
Mes 3,MLP,"hidden_layer_sizes=(7,), alpha=0.001, learning_rate_init=0.001",0.5172727272727272,0.5172727272727272,0.18810494696945151,0.5172727272727272,0.5172727272727272
Mes 3,MLP,"hidden_layer_sizes=(7,), alpha=0.001, learning_rate_init=0.01",0.7118181818181818,0.7118181818181819,0.09286976573907006,0.5172727272727272,0.5172727272727272
Mes 3,MLP,"hidden_layer_sizes=(7,), alpha=0.001, learning_rate_init=0.1",0.7363636363636363,0.7363636363636363,0.059543719613864794,0.5172727272727272,0.5172727272727272
Mes 3,MLP,"hidden_layer_sizes=(7,), alpha=0.01, learning_rate_init=0.001",0.5172727272727272,0.5172727272727272,0.18810494696945151,0.5172727272727272,0.5172727272727272
Mes 3,MLP,"hidden_layer_sizes=(7,), alpha=0.01, learning_rate_init=0.01",0.7118181818181818,0.7118181818181818,0.09454545454545457,0.5172727272727272,0.5172727272727272
Mes 3,MLP,"hidden_layer_sizes=(7,), alpha=0.01, learning_rate_init=0.1",0.7363636363636363,0.7363636363636363,0.0718699468220086,0.5172727272727272,0.5172727272727272
Mes 3,MLP,"hidden_layer_sizes=(14,), alpha=0.0001, learning_rate_init=0.001",0.5627272727272727,0.5627272727272727,0.05823860864744351,0.5172727272727272,0.5172727272727272
Mes 3,MLP,"hidden_layer_sizes=(14,), alpha=0.0001, learning_rate_init=0.01",0.6854545454545454,0.6854545454545455,0.05651007370152747,0.5172727272727272,0.5172727272727272
Mes 3,MLP,"hidden_layer_sizes=(14,), alpha=0.0001, learning_rate_init=0.1",0.7390909090909091,0.739090909090909,0.07241980460601612,0.5172727272727272,0.5172727272727272
Mes 3,MLP,"hidden_layer_sizes=(14,), alpha=0.001, learning_rate_init=0.001",0.5627272727272727,0.5627272727272727,0.05823860864744351,0.5172727272727272,0.5172727272727272
Mes 3,MLP,"hidden_layer_sizes=(14,), alpha=0.001, learning_rate_init=0.01",0.6854545454545454,0.6854545454545455,0.05651007370152747,0.5172727272727272,0.5172727272727272
Mes 3,MLP,"hidden_layer_sizes=(14,), alpha=0.001, learning_rate_init=0.1",0.7481818181818182,0.7481818181818183,0.0780230946950012,0.5172727272727272,0.5172727272727272
Mes 3,MLP,"hidden_layer_sizes=(14,), alpha=0.01, learning_rate_init=0.001",0.5627272727272727,0.5627272727272727,0.05823860864744351,0.5172727272727272,0.5172727272727272
Mes 3,MLP,"hidden_layer_sizes=(14,), alpha=0.01, learning_rate_init=0.01",0.6890909090909091,0.6890909090909091,0.0520330473500152,0.5172727272727272,0.5172727272727272
Mes 3,MLP,"hidden_layer_sizes=(14,), alpha=0.01, learning_rate_init=0.1",0.7527272727272727,0.7527272727272727,0.07717105610801529,0.5172727272727272,0.5172727272727272
Mes 3,MLP,"hidden_layer_sizes=(28,), alpha=0.0001, learning_rate_init=0.001",0.6118181818181818,0.6118181818181818,0.09467648263236418,0.5172727272727272,0.5172727272727272
Mes 3,MLP,"hidden_layer_sizes=(28,), alpha=0.0001, learning_rate_init=0.01",0.7363636363636363,0.7363636363636363,0.08629183618243114,0.5172727272727272,0.5172727272727272
Mes 3,MLP,"hidden_layer_sizes=(28,), alpha=0.0001, learning_rate_init=0.1",0.74,0.74,0.08597520303663193,0.5172727272727272,0.5172727272727272
Mes 3,MLP,"hidden_layer_sizes=(28,), alpha=0.001, learning_rate_init=0.001",0.6118181818181818,0.6118181818181818,0.09467648263236418,0.5172727272727272,0.5172727272727272
Mes 3,MLP,"hidden_layer_sizes=(28,), alpha=0.001, learning_rate_init=0.01",0.7354545454545455,0.7354545454545454,0.08697867127174537,0.5172727272727272,0.5172727272727272
Mes 3,MLP,"hidden_layer_sizes=(28,), alpha=0.001, learning_rate_init=0.1",0.7472727272727273,0.7472727272727273,0.08260230321164033,0.5172727272727272,0.5172727272727272
Mes 3,MLP,"hidden_layer_sizes=(28,), alpha=0.01, learning_rate_init=0.001",0.6118181818181818,0.6118181818181818,0.09467648263236418,0.5172727272727272,0.5172727272727272
Mes 3,MLP,"hidden_layer_sizes=(28,), alpha=0.01, learning_rate_init=0.01",0.7327272727272728,0.7327272727272727,0.08669315128277917,0.5172727272727272,0.5172727272727272
Mes 3,MLP,"hidden_layer_sizes=(28,), alpha=0.01, learning_rate_init=0.1",0.7336363636363636,0.7336363636363636,0.09362312351229447,0.5172727272727272,0.5172727272727272
Mes 3,MLP,"hidden_layer_sizes=(7, 7), alpha=0.0001, learning_rate_init=0.001",0.3881818181818182,0.38818181818181813,0.10850600775536931,0.5172727272727272,0.5172727272727272
Mes 3,MLP,"hidden_layer_sizes=(7, 7), alpha=0.0001, learning_rate_init=0.01",0.6754545454545454,0.6754545454545455,0.08703566287201042,0.5172727272727272,0.5172727272727272
Mes 3,MLP,"hidden_layer_sizes=(7, 7), alpha=0.0001, learning_rate_init=0.1",0.6318181818181818,0.6318181818181818,0.10020639856840274,0.5172727272727272,0.5172727272727272
Mes 3,MLP,"hidden_layer_sizes=(7, 7), alpha=0.001, learning_rate_init=0.001",0.3881818181818182,0.38818181818181813,0.10850600775536931,0.5172727272727272,0.5172727272727272
Mes 3,MLP,"hidden_layer_sizes=(7, 7), alpha=0.001, learning_rate_init=0.01",0.6718181818181819,0.6718181818181819,0.0909727050155773,0.5172727272727272,0.5172727272727272
Mes 3,MLP,"hidden_layer_sizes=(7, 7), alpha=0.001, learning_rate_init=0.1",0.6381818181818182,0.6381818181818183,0.10027235638273119,0.5172727272727272,0.5172727272727272
Mes 3,MLP,"hidden_layer_sizes=(7, 7), alpha=0.01, learning_rate_init=0.001",0.37545454545454543,0.3754545454545455,0.08736737292170155,0.5172727272727272,0.5172727272727272
Mes 3,MLP,"hidden_layer_sizes=(7, 7), alpha=0.01, learning_rate_init=0.01",0.6863636363636364,0.6863636363636363,0.08624393618641035,0.5172727272727272,0.5172727272727272
Mes 3,MLP,"hidden_layer_sizes=(7, 7), alpha=0.01, learning_rate_init=0.1",0.6327272727272727,0.6327272727272728,0.09855987817959629,0.5172727272727272,0.5172727272727272
Mes 3,MLP,"hidden_layer_sizes=(14, 7), alpha=0.0001, learning_rate_init=0.001",0.509090909090909,0.509090909090909,0.08537714095908289,0.5172727272727272,0.5172727272727272
Mes 3,MLP,"hidden_layer_sizes=(14, 7), alpha=0.0001, learning_rate_init=0.01",0.740909090909091,0.740909090909091,0.06064392756421061,0.5172727272727272,0.5172727272727272
Mes 3,MLP,"hidden_layer_sizes=(14, 7), alpha=0.0001, learning_rate_init=0.1",0.6154545454545455,0.6154545454545455,0.15305700337126601,0.5172727272727272,0.5172727272727272
Mes 3,MLP,"hidden_layer_sizes=(14, 7), alpha=0.001, learning_rate_init=0.001",0.5081818181818182,0.5081818181818181,0.08505710284157139,0.5172727272727272,0.5172727272727272
Mes 3,MLP,"hidden_layer_sizes=(14, 7), alpha=0.001, learning_rate_init=0.01",0.7372727272727273,0.7372727272727272,0.06539138366674342,0.5172727272727272,0.5172727272727272
Mes 3,MLP,"hidden_layer_sizes=(14, 7), alpha=0.001, learning_rate_init=0.1",0.6290909090909091,0.6290909090909091,0.1347664033469558,0.5172727272727272,0.5172727272727272
Mes 3,MLP,"hidden_layer_sizes=(14, 7), alpha=0.01, learning_rate_init=0.001",0.5072727272727273,0.5072727272727273,0.08083244582171605,0.5172727272727272,0.5172727272727272
Mes 3,MLP,"hidden_layer_sizes=(14, 7), alpha=0.01, learning_rate_init=0.01",0.7118181818181818,0.7118181818181818,0.0551182050589968,0.5172727272727272,0.5172727272727272
Mes 3,MLP,"hidden_layer_sizes=(14, 7), alpha=0.01, learning_rate_init=0.1",0.6418181818181818,0.6418181818181818,0.12822371977933567,0.5172727272727272,0.5172727272727272
Mes 3,DecisionTree,"max_depth=None, min_samples_split=5, max_features=log2, criterion=gini",0.6890909090909091,0.6890909090909092,0.06425671653480833,0.72,0.72
Mes 3,DecisionTree,"max_depth=None, min_samples_split=2, max_features=None, criterion=entropy",0.740909090909091,0.740909090909091,0.08131156281817417,0.72,0.72
Mes 3,DecisionTree,"max_depth=None, min_samples_split=2, max_features=sqrt, criterion=entropy",0.6954545454545454,0.6954545454545454,0.07035917298505215,0.72,0.72
Mes 3,DecisionTree,"max_depth=None, min_samples_split=20, max_features=None, criterion=gini",0.7218181818181818,0.7218181818181818,0.06294428862950459,0.72,0.72
Mes 3,DecisionTree,"max_depth=10, min_samples_split=5, max_features=log2, criterion=entropy",0.6972727272727273,0.6972727272727273,0.08835503138049318,0.72,0.72
Mes 3,DecisionTree,"max_depth=None, min_samples_split=5, max_features=sqrt, criterion=entropy",0.6927272727272727,0.6927272727272727,0.0667176113887592,0.72,0.72
Mes 3,DecisionTree,"max_depth=20, min_samples_split=20, max_features=log2, criterion=entropy",0.6872727272727273,0.6872727272727273,0.08495988358149874,0.72,0.72
Mes 3,DecisionTree,"max_depth=10, min_samples_split=20, max_features=sqrt, criterion=gini",0.6863636363636364,0.6863636363636364,0.076763024845762,0.72,0.72
Mes 3,DecisionTree,"max_depth=5, min_samples_split=2, max_features=sqrt, criterion=gini",0.68,0.6799999999999999,0.08983915838967599,0.72,0.72
Mes 3,DecisionTree,"max_depth=5, min_samples_split=5, max_features=None, criterion=gini",0.7081818181818181,0.7081818181818181,0.07189294152642745,0.72,0.72
Mes 3,DecisionTree,"max_depth=20, min_samples_split=10, max_features=None, criterion=gini",0.7181818181818181,0.7181818181818181,0.061991734986299334,0.72,0.72
Mes 3,DecisionTree,"max_depth=10, min_samples_split=5, max_features=sqrt, criterion=gini",0.7072727272727273,0.7072727272727273,0.07674148941965561,0.72,0.72
Mes 3,DecisionTree,"max_depth=5, min_samples_split=20, max_features=sqrt, criterion=gini",0.6718181818181819,0.6718181818181818,0.09361429572258909,0.72,0.72
Mes 3,DecisionTree,"max_depth=5, min_samples_split=2, max_features=None, criterion=gini",0.7063636363636364,0.7063636363636363,0.06944883365376102,0.72,0.72
Mes 3,DecisionTree,"max_depth=10, min_samples_split=5, max_features=sqrt, criterion=entropy",0.6972727272727273,0.6972727272727273,0.07427890260296544,0.72,0.72
Mes 3,DecisionTree,"max_depth=10, min_samples_split=2, max_features=log2, criterion=gini",0.6781818181818182,0.6781818181818181,0.08403069096939157,0.72,0.72
Mes 3,DecisionTree,"max_depth=5, min_samples_split=10, max_features=sqrt, criterion=gini",0.6772727272727272,0.6772727272727274,0.07904387316103328,0.72,0.72
Mes 3,DecisionTree,"max_depth=5, min_samples_split=20, max_features=None, criterion=gini",0.7054545454545454,0.7054545454545454,0.06513812406426495,0.72,0.72
Mes 3,DecisionTree,"max_depth=20, min_samples_split=2, max_features=None, criterion=entropy",0.740909090909091,0.740909090909091,0.08131156281817417,0.72,0.72
Mes 3,DecisionTree,"max_depth=None, min_samples_split=10, max_features=sqrt, criterion=entropy",0.6809090909090909,0.6809090909090909,0.07570058462387654,0.72,0.72
Mes 3,DecisionTree,"max_depth=10, min_samples_split=10, max_features=None, criterion=gini",0.7181818181818181,0.7181818181818181,0.061991734986299334,0.72,0.72
Mes 3,DecisionTree,"max_depth=20, min_samples_split=20, max_features=sqrt, criterion=entropy",0.7009090909090909,0.7009090909090909,0.0709090909090909,0.72,0.72
Mes 3,DecisionTree,"max_depth=5, min_samples_split=10, max_features=log2, criterion=entropy",0.6654545454545454,0.6654545454545455,0.08641625191502651,0.72,0.72
Mes 3,DecisionTree,"max_depth=20, min_samples_split=20, max_features=log2, criterion=gini",0.6745454545454546,0.6745454545454544,0.07690285811838765,0.72,0.72
Mes 3,DecisionTree,"max_depth=None, min_samples_split=10, max_features=None, criterion=gini",0.7181818181818181,0.7181818181818181,0.061991734986299334,0.72,0.72
Mes 3,DecisionTree,"max_depth=5, min_samples_split=5, max_features=log2, criterion=entropy",0.6736363636363636,0.6736363636363636,0.1125732085032992,0.72,0.72
Mes 3,DecisionTree,"max_depth=10, min_samples_split=10, max_features=log2, criterion=entropy",0.6736363636363636,0.6736363636363636,0.10153369346719791,0.72,0.72
Mes 3,DecisionTree,"max_depth=5, min_samples_split=5, max_features=None, criterion=entropy",0.7281818181818182,0.7281818181818182,0.08077107738633156,0.72,0.72
Mes 3,DecisionTree,"max_depth=10, min_samples_split=20, max_features=log2, criterion=entropy",0.6890909090909091,0.6890909090909091,0.08374498874855658,0.72,0.72
Mes 3,DecisionTree,"max_depth=20, min_samples_split=5, max_features=sqrt, criterion=entropy",0.6927272727272727,0.6927272727272727,0.0667176113887592,0.72,0.72
Mes 3,DecisionTree,"max_depth=10, min_samples_split=2, max_features=None, criterion=gini",0.7190909090909091,0.7190909090909091,0.057596487496207834,0.72,0.72
Mes 3,DecisionTree,"max_depth=None, min_samples_split=2, max_features=sqrt, criterion=gini",0.6963636363636364,0.6963636363636363,0.08678842898081908,0.72,0.72
Mes 3,DecisionTree,"max_depth=20, min_samples_split=20, max_features=None, criterion=gini",0.7218181818181818,0.7218181818181818,0.06294428862950459,0.72,0.72
Mes 3,DecisionTree,"max_depth=5, min_samples_split=2, max_features=None, criterion=entropy",0.73,0.7300000000000001,0.08344840539900307,0.72,0.72
Mes 3,DecisionTree,"max_depth=10, min_samples_split=20, max_features=log2, criterion=gini",0.6763636363636364,0.6763636363636364,0.07493247649089045,0.72,0.72
Mes 3,DecisionTree,"max_depth=20, min_samples_split=2, max_features=sqrt, criterion=entropy",0.6954545454545454,0.6954545454545454,0.07035917298505215,0.72,0.72
Mes 3,DecisionTree,"max_depth=10, min_samples_split=5, max_features=None, criterion=entropy",0.7354545454545455,0.7354545454545455,0.07979312093633341,0.72,0.72
Mes 3,DecisionTree,"max_depth=5, min_samples_split=10, max_features=None, criterion=gini",0.71,0.71,0.06608284307413184,0.72,0.72
Mes 3,DecisionTree,"max_depth=10, min_samples_split=20, max_features=None, criterion=entropy",0.7163636363636363,0.7163636363636364,0.08260230321164032,0.72,0.72
Mes 3,DecisionTree,"max_depth=10, min_samples_split=5, max_features=None, criterion=gini",0.7245454545454545,0.7245454545454544,0.05504318364807491,0.72,0.72
Mes 3,DecisionTree,"max_depth=5, min_samples_split=5, max_features=sqrt, criterion=entropy",0.6636363636363637,0.6636363636363637,0.09337562992806425,0.72,0.72
Mes 3,DecisionTree,"max_depth=None, min_samples_split=20, max_features=sqrt, criterion=entropy",0.7009090909090909,0.7009090909090909,0.0709090909090909,0.72,0.72
Mes 3,DecisionTree,"max_depth=10, min_samples_split=2, max_features=log2, criterion=entropy",0.7009090909090909,0.7009090909090909,0.04753424168145951,0.72,0.72
Mes 3,DecisionTree,"max_depth=5, min_samples_split=20, max_features=sqrt, criterion=entropy",0.6745454545454546,0.6745454545454546,0.08149430847641805,0.72,0.72
Mes 3,DecisionTree,"max_depth=None, min_samples_split=5, max_features=sqrt, criterion=gini",0.7081818181818181,0.7081818181818182,0.07292019865511085,0.72,0.72
Mes 3,DecisionTree,"max_depth=10, min_samples_split=2, max_features=sqrt, criterion=entropy",0.6963636363636364,0.6963636363636363,0.06865893668545164,0.72,0.72
Mes 3,DecisionTree,"max_depth=None, min_samples_split=10, max_features=None, criterion=entropy",0.7436363636363637,0.7436363636363637,0.06546717049959576,0.72,0.72
Mes 3,DecisionTree,"max_depth=5, min_samples_split=10, max_features=sqrt, criterion=entropy",0.6654545454545454,0.6654545454545455,0.0850668186566515,0.72,0.72
Mes 3,DecisionTree,"max_depth=10, min_samples_split=2, max_features=sqrt, criterion=gini",0.6990909090909091,0.699090909090909,0.08688360219614813,0.72,0.72
Mes 3,DecisionTree,"max_depth=5, min_samples_split=2, max_features=log2, criterion=entropy",0.6618181818181819,0.6618181818181817,0.09768392273209844,0.72,0.72
Mes 6,LogisticRegression,"C=0.01, solver=lbfgs",0.7711386696730552,0.771045119758355,0.06422675366774784,0.8331454340473506,0.8332083738333739
Mes 6,LogisticRegression,"C=0.01, solver=newton-cholesky",0.7711386696730552,0.771045119758355,0.06422675366774784,0.8331454340473506,0.8332083738333739
Mes 6,LogisticRegression,"C=0.01, solver=saga",0.7711386696730552,0.771045119758355,0.06422675366774784,0.8331454340473506,0.8332083738333739
Mes 6,LogisticRegression,"C=0.05, solver=lbfgs",0.8173618940248027,0.8172894573629867,0.053649106163209954,0.8331454340473506,0.8332083738333739
Mes 6,LogisticRegression,"C=0.05, solver=newton-cholesky",0.8173618940248027,0.8172894573629867,0.053649106163209954,0.8331454340473506,0.8332083738333739
Mes 6,LogisticRegression,"C=0.05, solver=saga",0.8173618940248027,0.8172894573629867,0.053649106163209954,0.8331454340473506,0.8332083738333739
Mes 6,LogisticRegression,"C=0.1, solver=lbfgs",0.8275084554678692,0.8274911131528779,0.054931422045296247,0.8331454340473506,0.8332083738333739
Mes 6,LogisticRegression,"C=0.1, solver=newton-cholesky",0.8275084554678692,0.8274911131528779,0.054931422045296247,0.8331454340473506,0.8332083738333739
Mes 6,LogisticRegression,"C=0.1, solver=saga",0.8275084554678692,0.8274911131528779,0.054931422045296247,0.8331454340473506,0.8332083738333739
Mes 6,LogisticRegression,"C=0.5, solver=lbfgs",0.8354002254791432,0.8354302791802792,0.05608027997844989,0.8331454340473506,0.8332083738333739
Mes 6,LogisticRegression,"C=0.5, solver=newton-cholesky",0.8342728297632469,0.8343041530541531,0.05441291028541231,0.8331454340473506,0.8332083738333739
Mes 6,LogisticRegression,"C=0.5, solver=saga",0.8342728297632469,0.8343041530541531,0.05441291028541231,0.8331454340473506,0.8332083738333739
Mes 6,LogisticRegression,"C=1, solver=lbfgs",0.8331454340473506,0.8332083738333739,0.05619191447276286,0.8331454340473506,0.8332083738333739
Mes 6,LogisticRegression,"C=1, solver=newton-cholesky",0.8331454340473506,0.8332083738333739,0.05619191447276286,0.8331454340473506,0.8332083738333739
Mes 6,LogisticRegression,"C=1, solver=saga",0.8320180383314544,0.8320720101970102,0.05579347501098777,0.8331454340473506,0.8332083738333739
Mes 6,LogisticRegression,"C=5, solver=lbfgs",0.8365276211950394,0.8366223311995371,0.05387422132700825,0.8331454340473506,0.8332083738333739
Mes 6,LogisticRegression,"C=5, solver=newton-cholesky",0.8365276211950394,0.8366223311995371,0.05387422132700825,0.8331454340473506,0.8332083738333739
Mes 6,LogisticRegression,"C=5, solver=saga",0.8399098083427283,0.8400111299008358,0.053991223162544205,0.8331454340473506,0.8332083738333739
Mes 6,LogisticRegression,"C=10, solver=lbfgs",0.830890642615558,0.831042110545787,0.05160115758308076,0.8331454340473506,0.8332083738333739
Mes 6,LogisticRegression,"C=10, solver=newton-cholesky",0.8342728297632469,0.8344204889241655,0.05629332677207117,0.8331454340473506,0.8332083738333739
Mes 6,LogisticRegression,"C=10, solver=saga",0.8365276211950394,0.8366376643031055,0.050118843303264764,0.8331454340473506,0.8332083738333739
Mes 6,LogisticRegression,"C=50, solver=lbfgs",0.8331454340473506,0.8333753926584808,0.05319976014120206,0.8331454340473506,0.8332083738333739
Mes 6,LogisticRegression,"C=50, solver=newton-cholesky",0.8331454340473506,0.8333501876700405,0.04897578311487047,0.8331454340473506,0.8332083738333739
Mes 6,LogisticRegression,"C=50, solver=saga",0.8297632468996617,0.8299208972003089,0.05153014910518049,0.8331454340473506,0.8332083738333739
Mes 6,LogisticRegression,"C=100, solver=lbfgs",0.8275084554678692,0.827688937155849,0.05055277693249618,0.8331454340473506,0.8332083738333739
Mes 6,LogisticRegression,"C=100, solver=newton-cholesky",0.8286358511837655,0.8288455930000047,0.053536373554959105,0.8331454340473506,0.8332083738333739
Mes 6,LogisticRegression,"C=100, solver=saga",0.830890642615558,0.8310520725961902,0.04761197518357534,0.8331454340473506,0.8332083738333739
Mes 6,SVM,"C=0.1, kernel=rbf, gamma=scale",0.6933483652762119,0.6933233400145165,0.06162634803722946,0.8038331454340474,0.8037301761566467
Mes 6,SVM,"C=0.1, kernel=rbf, gamma=auto",0.6933483652762119,0.6933233400145165,0.06162634803722946,0.8038331454340474,0.8037301761566467
Mes 6,SVM,"C=0.1, kernel=rbf, gamma=0.01",0.6583990980834273,0.6584620607598549,0.07798007397659171,0.8038331454340474,0.8037301761566467
Mes 6,SVM,"C=0.1, kernel=rbf, gamma=0.1",0.6989853438556933,0.6988762471299237,0.0937484904987527,0.8038331454340474,0.8037301761566467
Mes 6,SVM,"C=0.1, kernel=linear, gamma=scale",0.8241262683201804,0.824097401670931,0.05448001095873919,0.8038331454340474,0.8037301761566467
Mes 6,SVM,"C=0.1, kernel=linear, gamma=auto",0.8241262683201804,0.824097401670931,0.05448001095873919,0.8038331454340474,0.8037301761566467
Mes 6,SVM,"C=0.1, kernel=linear, gamma=0.01",0.8241262683201804,0.824097401670931,0.05448001095873919,0.8038331454340474,0.8037301761566467
Mes 6,SVM,"C=0.1, kernel=linear, gamma=0.1",0.8241262683201804,0.824097401670931,0.05448001095873919,0.8038331454340474,0.8037301761566467
Mes 6,SVM,"C=1, kernel=rbf, gamma=scale",0.8038331454340474,0.8037301761566467,0.07062415340653369,0.8038331454340474,0.8037301761566467
Mes 6,SVM,"C=1, kernel=rbf, gamma=auto",0.8038331454340474,0.8037301761566467,0.07062415340653369,0.8038331454340474,0.8037301761566467
Mes 6,SVM,"C=1, kernel=rbf, gamma=0.01",0.7891770011273957,0.7890740602137661,0.07043494048370118,0.8038331454340474,0.8037301761566467
Mes 6,SVM,"C=1, kernel=rbf, gamma=0.1",0.8049605411499436,0.8049370103598045,0.04969321772380669,0.8038331454340474,0.8037301761566467
Mes 6,SVM,"C=1, kernel=linear, gamma=scale",0.8320180383314544,0.8322089575766046,0.049942953914240966,0.8038331454340474,0.8037301761566467
Mes 6,SVM,"C=1, kernel=linear, gamma=auto",0.8320180383314544,0.8322089575766046,0.049942953914240966,0.8038331454340474,0.8037301761566467
Mes 6,SVM,"C=1, kernel=linear, gamma=0.01",0.8320180383314544,0.8322089575766046,0.049942953914240966,0.8038331454340474,0.8037301761566467
Mes 6,SVM,"C=1, kernel=linear, gamma=0.1",0.8320180383314544,0.8322089575766046,0.049942953914240966,0.8038331454340474,0.8037301761566467
Mes 6,SVM,"C=10, kernel=rbf, gamma=scale",0.8511837655016911,0.8511414972812031,0.0455198711710135,0.8038331454340474,0.8037301761566467
Mes 6,SVM,"C=10, kernel=rbf, gamma=auto",0.8511837655016911,0.8511414972812031,0.0455198711710135,0.8038331454340474,0.8037301761566467
Mes 6,SVM,"C=10, kernel=rbf, gamma=0.01",0.8399098083427283,0.8397730407840702,0.0550818954745365,0.8038331454340474,0.8037301761566467
Mes 6,SVM,"C=10, kernel=rbf, gamma=0.1",0.8173618940248027,0.8173096569236274,0.04633292973367671,0.8038331454340474,0.8037301761566467
Mes 6,SVM,"C=10, kernel=linear, gamma=scale",0.8320180383314544,0.8321735150779268,0.04718361232589491,0.8038331454340474,0.8037301761566467
Mes 6,SVM,"C=10, kernel=linear, gamma=auto",0.8320180383314544,0.8321735150779268,0.04718361232589491,0.8038331454340474,0.8037301761566467
Mes 6,SVM,"C=10, kernel=linear, gamma=0.01",0.8320180383314544,0.8321735150779268,0.04718361232589491,0.8038331454340474,0.8037301761566467
Mes 6,SVM,"C=10, kernel=linear, gamma=0.1",0.8320180383314544,0.8321735150779268,0.04718361232589491,0.8038331454340474,0.8037301761566467
Mes 6,SVM,"C=100, kernel=rbf, gamma=scale",0.8489289740698985,0.8489550807565514,0.04964411819254484,0.8038331454340474,0.8037301761566467
Mes 6,SVM,"C=100, kernel=rbf, gamma=auto",0.8489289740698985,0.8489550807565514,0.04964411819254484,0.8038331454340474,0.8037301761566467
Mes 6,SVM,"C=100, kernel=rbf, gamma=0.01",0.8478015783540023,0.8477984249123955,0.048151992771013646,0.8038331454340474,0.8037301761566467
Mes 6,SVM,"C=100, kernel=rbf, gamma=0.1",0.8173618940248027,0.8173096569236274,0.04633292973367671,0.8038331454340474,0.8037301761566467
Mes 6,SVM,"C=100, kernel=linear, gamma=scale",0.8297632468996617,0.8299110716390128,0.049026629705279795,0.8038331454340474,0.8037301761566467
Mes 6,SVM,"C=100, kernel=linear, gamma=auto",0.8297632468996617,0.8299110716390128,0.049026629705279795,0.8038331454340474,0.8037301761566467
Mes 6,SVM,"C=100, kernel=linear, gamma=0.01",0.8297632468996617,0.8299110716390128,0.049026629705279795,0.8038331454340474,0.8037301761566467
Mes 6,SVM,"C=100, kernel=linear, gamma=0.1",0.8297632468996617,0.8299110716390128,0.049026629705279795,0.8038331454340474,0.8037301761566467
Mes 6,kNN,"n_neighbors=3, metric=chebyshev, weights=uniform",0.7282976324689966,0.7283659694505282,0.08401295003922356,0.685456595264938,0.6856367747911866
Mes 6,kNN,"n_neighbors=3, metric=chebyshev, weights=distance",0.7440811724915445,0.7441628108907521,0.07742271023662496,0.685456595264938,0.6856367747911866
Mes 6,kNN,"n_neighbors=3, metric=euclidean, weights=uniform",0.7542277339346111,0.7542793917793919,0.057854011305627014,0.685456595264938,0.6856367747911866
Mes 6,kNN,"n_neighbors=3, metric=euclidean, weights=distance",0.7655016910935738,0.7656225531225531,0.06495182626183978,0.685456595264938,0.6856367747911866
Mes 6,kNN,"n_neighbors=3, metric=manhattan, weights=uniform",0.7474633596392334,0.747527733097586,0.0676463705430644,0.685456595264938,0.6856367747911866
Mes 6,kNN,"n_neighbors=3, metric=manhattan, weights=distance",0.7598647125140925,0.7599309557030145,0.06616799023500222,0.685456595264938,0.6856367747911866
Mes 6,kNN,"n_neighbors=5, metric=chebyshev, weights=uniform",0.7012401352874859,0.7013980835672011,0.09756671834864811,0.685456595264938,0.6856367747911866
Mes 6,kNN,"n_neighbors=5, metric=chebyshev, weights=distance",0.7181510710259301,0.7183115010320893,0.08906411865738569,0.685456595264938,0.6856367747911866
Mes 6,kNN,"n_neighbors=5, metric=euclidean, weights=uniform",0.733934611048478,0.7339269509306274,0.07780242664016496,0.685456595264938,0.6856367747911866
Mes 6,kNN,"n_neighbors=5, metric=euclidean, weights=distance",0.7531003382187148,0.7530823368139545,0.07380011200461285,0.685456595264938,0.6856367747911866
Mes 6,kNN,"n_neighbors=5, metric=manhattan, weights=uniform",0.713641488162345,0.7136812933687934,0.07780035917231674,0.685456595264938,0.6856367747911866
Mes 6,kNN,"n_neighbors=5, metric=manhattan, weights=distance",0.733934611048478,0.7339575269722327,0.08192382453643136,0.685456595264938,0.6856367747911866
Mes 6,kNN,"n_neighbors=7, metric=chebyshev, weights=uniform",0.7046223224351748,0.7047867432977726,0.08861440761366529,0.685456595264938,0.6856367747911866
Mes 6,kNN,"n_neighbors=7, metric=chebyshev, weights=distance",0.7237880496054115,0.7239218369733076,0.08122494723368345,0.685456595264938,0.6856367747911866
Mes 6,kNN,"n_neighbors=7, metric=euclidean, weights=uniform",0.7125140924464487,0.7126001598428069,0.07349443084989349,0.685456595264938,0.6856367747911866
Mes 6,kNN,"n_neighbors=7, metric=euclidean, weights=distance",0.7316798196166855,0.7317707423405952,0.07236018374801843,0.685456595264938,0.6856367747911866
Mes 6,kNN,"n_neighbors=7, metric=manhattan, weights=uniform",0.7125140924464487,0.7126310088626264,0.06100874751298675,0.685456595264938,0.6856367747911866
Mes 6,kNN,"n_neighbors=7, metric=manhattan, weights=distance",0.7294250281848929,0.729508664527047,0.06726282798644549,0.685456595264938,0.6856367747911866
Mes 6,kNN,"n_neighbors=10, metric=chebyshev, weights=uniform",0.685456595264938,0.6856367747911866,0.09502815477620395,0.685456595264938,0.6856367747911866
Mes 6,kNN,"n_neighbors=10, metric=chebyshev, weights=distance",0.7034949267192785,0.7036406467472643,0.08838938230928775,0.685456595264938,0.6856367747911866
Mes 6,kNN,"n_neighbors=10, metric=euclidean, weights=uniform",0.6843291995490417,0.6844001859626859,0.07184890174838043,0.685456595264938,0.6856367747911866
Mes 6,kNN,"n_neighbors=10, metric=euclidean, weights=distance",0.7204058624577226,0.7205191701515231,0.06602894721621241,0.685456595264938,0.6856367747911866
Mes 6,kNN,"n_neighbors=10, metric=manhattan, weights=uniform",0.6843291995490417,0.6843999105028516,0.06868997013781322,0.685456595264938,0.6856367747911866
Mes 6,kNN,"n_neighbors=10, metric=manhattan, weights=distance",0.7068771138669673,0.7069137945057062,0.06287022204582252,0.685456595264938,0.6856367747911866
Mes 6,kNN,"n_neighbors=15, metric=chebyshev, weights=uniform",0.6820744081172492,0.6822785521314934,0.09859511895292013,0.685456595264938,0.6856367747911866
Mes 6,kNN,"n_neighbors=15, metric=chebyshev, weights=distance",0.6933483652762119,0.6935200696230108,0.10102692786790014,0.685456595264938,0.6856367747911866
Mes 6,kNN,"n_neighbors=15, metric=euclidean, weights=uniform",0.6719278466741826,0.6720328178048767,0.07081132714246735,0.685456595264938,0.6856367747911866
Mes 6,kNN,"n_neighbors=15, metric=euclidean, weights=distance",0.7034949267192785,0.7035810059707119,0.06957898355312656,0.685456595264938,0.6856367747911866
Mes 6,kNN,"n_neighbors=15, metric=manhattan, weights=uniform",0.6696730552423901,0.6697449402412639,0.0704048799638625,0.685456595264938,0.6856367747911866
Mes 6,kNN,"n_neighbors=15, metric=manhattan, weights=distance",0.6888387824126269,0.6889458233208234,0.06921310941601606,0.685456595264938,0.6856367747911866
Mes 6,kNN,"n_neighbors=20, metric=chebyshev, weights=uniform",0.6538895152198422,0.6540170605427958,0.10265601696801521,0.685456595264938,0.6856367747911866
Mes 6,kNN,"n_neighbors=20, metric=chebyshev, weights=distance",0.6786922209695603,0.6788693685752509,0.09355201252804246,0.685456595264938,0.6856367747911866
Mes 6,kNN,"n_neighbors=20, metric=euclidean, weights=uniform",0.6606538895152199,0.6607348343561579,0.08147890032370769,0.685456595264938,0.6856367747911866
Mes 6,kNN,"n_neighbors=20, metric=euclidean, weights=distance",0.6888387824126269,0.6889098323840971,0.08019808237569474,0.685456595264938,0.6856367747911866
Mes 6,kNN,"n_neighbors=20, metric=manhattan, weights=uniform",0.6538895152198422,0.6539983259652378,0.08827978117571893,0.685456595264938,0.6856367747911866
Mes 6,kNN,"n_neighbors=20, metric=manhattan, weights=distance",0.6820744081172492,0.6821023463486698,0.07810054867504121,0.685456595264938,0.6856367747911866
Mes 6,RandomForest,"n_estimators=500, max_depth=10, min_samples_split=2, max_features=sqrt",0.8286358511837655,0.8284753327951857,0.06980209600729868,0.8252536640360767,0.8250662418860948
Mes 6,RandomForest,"n_estimators=100, max_depth=20, min_samples_split=2, max_features=log2",0.8229988726042841,0.8227890137816608,0.069168872319869,0.8252536640360767,0.8250662418860948
Mes 6,RandomForest,"n_estimators=300, max_depth=10, min_samples_split=2, max_features=log2",0.8241262683201804,0.8239300610624141,0.06783428655025352,0.8252536640360767,0.8250662418860948
Mes 6,RandomForest,"n_estimators=300, max_depth=20, min_samples_split=10, max_features=log2",0.818489289740699,0.8182431936108407,0.07753344510411987,0.8252536640360767,0.8250662418860948
Mes 6,RandomForest,"n_estimators=200, max_depth=20, min_samples_split=2, max_features=None",0.8117249154453213,0.8116034601328719,0.06131448726902861,0.8252536640360767,0.8250662418860948
Mes 6,RandomForest,"n_estimators=100, max_depth=10, min_samples_split=5, max_features=sqrt",0.8275084554678692,0.8273237725443608,0.06759646177245139,0.8252536640360767,0.8250662418860948
Mes 6,RandomForest,"n_estimators=500, max_depth=20, min_samples_split=10, max_features=sqrt",0.818489289740699,0.8182989283173107,0.07444228632269195,0.8252536640360767,0.8250662418860948
Mes 6,RandomForest,"n_estimators=200, max_depth=30, min_samples_split=2, max_features=None",0.8117249154453213,0.8116034601328719,0.06131448726902861,0.8252536640360767,0.8250662418860948
Mes 6,RandomForest,"n_estimators=200, max_depth=30, min_samples_split=5, max_features=sqrt",0.830890642615558,0.8306668912367441,0.07150302657690534,0.8252536640360767,0.8250662418860948
Mes 6,RandomForest,"n_estimators=100, max_depth=20, min_samples_split=2, max_features=sqrt",0.8241262683201804,0.823950399593782,0.07144148074427463,0.8252536640360767,0.8250662418860948
Mes 6,RandomForest,"n_estimators=200, max_depth=10, min_samples_split=10, max_features=sqrt",0.8229988726042841,0.8227785934587405,0.07416800620877399,0.8252536640360767,0.8250662418860948
Mes 6,RandomForest,"n_estimators=300, max_depth=None, min_samples_split=10, max_features=sqrt",0.8196166854565953,0.8194149997458821,0.07458110734788179,0.8252536640360767,0.8250662418860948
Mes 6,RandomForest,"n_estimators=300, max_depth=20, min_samples_split=5, max_features=log2",0.826381059751973,0.8261876380442557,0.06875618557736957,0.8252536640360767,0.8250662418860948
Mes 6,RandomForest,"n_estimators=500, max_depth=20, min_samples_split=10, max_features=log2",0.8151071025930101,0.8149155006691772,0.07659192818196893,0.8252536640360767,0.8250662418860948
Mes 6,RandomForest,"n_estimators=300, max_depth=30, min_samples_split=2, max_features=log2",0.8275084554678692,0.8272883300456829,0.07005605699113035,0.8252536640360767,0.8250662418860948
Mes 6,RandomForest,"n_estimators=200, max_depth=30, min_samples_split=2, max_features=log2",0.8207440811724915,0.8205769339960516,0.06681014370577645,0.8252536640360767,0.8250662418860948
Mes 6,RandomForest,"n_estimators=100, max_depth=30, min_samples_split=2, max_features=sqrt",0.8241262683201804,0.823950399593782,0.07144148074427463,0.8252536640360767,0.8250662418860948
Mes 6,RandomForest,"n_estimators=200, max_depth=30, min_samples_split=10, max_features=sqrt",0.8218714768883878,0.8216625220301691,0.07387705202544594,0.8252536640360767,0.8250662418860948
Mes 6,RandomForest,"n_estimators=500, max_depth=10, min_samples_split=10, max_features=None",0.7959413754227734,0.795791375754611,0.06498605234895692,0.8252536640360767,0.8250662418860948
Mes 6,RandomForest,"n_estimators=300, max_depth=None, min_samples_split=2, max_features=log2",0.8275084554678692,0.8272883300456829,0.07005605699113035,0.8252536640360767,0.8250662418860948
Mes 6,RandomForest,"n_estimators=100, max_depth=10, min_samples_split=2, max_features=None",0.8117249154453213,0.8116743914538032,0.06322742480955242,0.8252536640360767,0.8250662418860948
Mes 6,RandomForest,"n_estimators=500, max_depth=10, min_samples_split=2, max_features=None",0.8072153325817362,0.8070533219430278,0.06429017637183597,0.8252536640360767,0.8250662418860948
Mes 6,RandomForest,"n_estimators=500, max_depth=None, min_samples_split=2, max_features=None",0.8094701240135288,0.8093157653819418,0.06075191798462833,0.8252536640360767,0.8250662418860948
Mes 6,RandomForest,"n_estimators=500, max_depth=None, min_samples_split=5, max_features=None",0.8060879368658399,0.8059269666806431,0.06048975049169076,0.8252536640360767,0.8250662418860948
Mes 6,RandomForest,"n_estimators=200, max_depth=20, min_samples_split=2, max_features=log2",0.8207440811724915,0.8205769339960516,0.06681014370577645,0.8252536640360767,0.8250662418860948
Mes 6,RandomForest,"n_estimators=200, max_depth=10, min_samples_split=2, max_features=sqrt",0.8297632468996617,0.8295408114341938,0.07408556455514946,0.8252536640360767,0.8250662418860948
Mes 6,RandomForest,"n_estimators=100, max_depth=10, min_samples_split=2, max_features=sqrt",0.8229988726042841,0.822819177874325,0.07296341503124705,0.8252536640360767,0.8250662418860948
Mes 6,RandomForest,"n_estimators=100, max_depth=None, min_samples_split=5, max_features=log2",0.826381059751973,0.8261673921600392,0.07374051643581514,0.8252536640360767,0.8250662418860948
Mes 6,RandomForest,"n_estimators=100, max_depth=20, min_samples_split=10, max_features=None",0.8027057497181511,0.8026141948936067,0.0577988432768958,0.8252536640360767,0.8250662418860948
Mes 6,RandomForest,"n_estimators=500, max_depth=10, min_samples_split=10, max_features=log2",0.8151071025930101,0.8149155006691772,0.07659192818196893,0.8252536640360767,0.8250662418860948
Mes 6,RandomForest,"n_estimators=100, max_depth=30, min_samples_split=5, max_features=log2",0.826381059751973,0.8261673921600392,0.07374051643581514,0.8252536640360767,0.8250662418860948
Mes 6,RandomForest,"n_estimators=300, max_depth=20, min_samples_split=10, max_features=None",0.8004509582863585,0.8003214045493457,0.05984536254075218,0.8252536640360767,0.8250662418860948
Mes 6,RandomForest,"n_estimators=200, max_depth=None, min_samples_split=2, max_features=sqrt",0.830890642615558,0.8306720331536508,0.07255291929516022,0.8252536640360767,0.8250662418860948
Mes 6,RandomForest,"n_estimators=100, max_depth=10, min_samples_split=10, max_features=log2",0.8207440811724915,0.8205214284258402,0.07109488753858642,0.8252536640360767,0.8250662418860948
Mes 6,RandomForest,"n_estimators=100, max_depth=10, min_samples_split=2, max_features=log2",0.8241262683201804,0.8238948476999948,0.07143465132026453,0.8252536640360767,0.8250662418860948
Mes 6,RandomForest,"n_estimators=300, max_depth=20, min_samples_split=5, max_features=sqrt",0.8275084554678692,0.8272983847432377,0.07139931484623309,0.8252536640360767,0.8250662418860948
Mes 6,RandomForest,"n_estimators=500, max_depth=None, min_samples_split=5, max_features=sqrt",0.8241262683201804,0.8239501704575234,0.07086132027255188,0.8252536640360767,0.8250662418860948
Mes 6,RandomForest,"n_estimators=200, max_depth=None, min_samples_split=10, max_features=sqrt",0.8218714768883878,0.8216625220301691,0.07387705202544594,0.8252536640360767,0.8250662418860948
Mes 6,RandomForest,"n_estimators=500, max_depth=10, min_samples_split=2, max_features=log2",0.8252536640360767,0.8250564163247986,0.07029944624292654,0.8252536640360767,0.8250662418860948
Mes 6,RandomForest,"n_estimators=500, max_depth=20, min_samples_split=2, max_features=log2",0.8275084554678692,0.827303709472827,0.0690677319900167,0.8252536640360767,0.8250662418860948
Mes 6,RandomForest,"n_estimators=300, max_depth=20, min_samples_split=10, max_features=sqrt",0.8196166854565953,0.8194149997458821,0.07458110734788179,0.8252536640360767,0.8250662418860948
Mes 6,RandomForest,"n_estimators=200, max_depth=20, min_samples_split=10, max_features=sqrt",0.8218714768883878,0.8216625220301691,0.07387705202544594,0.8252536640360767,0.8250662418860948
Mes 6,RandomForest,"n_estimators=100, max_depth=None, min_samples_split=2, max_features=sqrt",0.8241262683201804,0.823950399593782,0.07144148074427463,0.8252536640360767,0.8250662418860948
Mes 6,RandomForest,"n_estimators=300, max_depth=10, min_samples_split=5, max_features=sqrt",0.830890642615558,0.8306768996107231,0.06886621534553981,0.8252536640360767,0.8250662418860948
Mes 6,RandomForest,"n_estimators=100, max_depth=30, min_samples_split=2, max_features=log2",0.8229988726042841,0.8227890137816608,0.069168872319869,0.8252536640360767,0.8250662418860948
Mes 6,RandomForest,"n_estimators=200, max_depth=None, min_samples_split=5, max_features=log2",0.8207440811724915,0.8205669256220727,0.06975252694753105,0.8252536640360767,0.8250662418860948
Mes 6,RandomForest,"n_estimators=300, max_depth=10, min_samples_split=5, max_features=None",0.8015783540022547,0.801422096550773,0.0601424507457038,0.8252536640360767,0.8250662418860948
Mes 6,RandomForest,"n_estimators=100, max_depth=20, min_samples_split=10, max_features=sqrt",0.8207440811724915,0.820546404278022,0.06950657470655625,0.8252536640360767,0.8250662418860948
Mes 6,RandomForest,"n_estimators=100, max_depth=20, min_samples_split=10, max_features=log2",0.8196166854565953,0.8194104525905996,0.06757577150157479,0.8252536640360767,0.8250662418860948
Mes 6,RandomForest,"n_estimators=100, max_depth=20, min_samples_split=5, max_features=None",0.8117249154453213,0.8116540529224353,0.05789491055288528,0.8252536640360767,0.8250662418860948
Mes 6,NaiveBayes,var_smoothing=1e-10,0.6313416009019166,0.6312511291371585,0.10007761219472511,0.6313416009019166,0.6312511291371585
Mes 6,NaiveBayes,var_smoothing=1e-09,0.6313416009019166,0.6312511291371585,0.10007761219472511,0.6313416009019166,0.6312511291371585
Mes 6,NaiveBayes,var_smoothing=1e-08,0.6313416009019166,0.6312511291371585,0.10007761219472511,0.6313416009019166,0.6312511291371585
Mes 6,NaiveBayes,var_smoothing=1e-07,0.6313416009019166,0.6312511291371585,0.10007761219472511,0.6313416009019166,0.6312511291371585
Mes 6,NaiveBayes,var_smoothing=1e-06,0.6313416009019166,0.6312511291371585,0.10007761219472511,0.6313416009019166,0.6312511291371585
Mes 6,MLP,"hidden_layer_sizes=(7,), alpha=0.0001, learning_rate_init=0.001",0.5659526493799324,0.5654971609934846,0.11196992584230661,0.5659526493799324,0.5654971609934846
Mes 6,MLP,"hidden_layer_sizes=(7,), alpha=0.0001, learning_rate_init=0.01",0.7350620067643743,0.7348909246887187,0.09629094851075454,0.5659526493799324,0.5654971609934846
Mes 6,MLP,"hidden_layer_sizes=(7,), alpha=0.0001, learning_rate_init=0.1",0.7463359639233371,0.7460972263361969,0.0849999710285996,0.5659526493799324,0.5654971609934846
Mes 6,MLP,"hidden_layer_sizes=(7,), alpha=0.001, learning_rate_init=0.001",0.5659526493799324,0.5654971609934846,0.11196992584230661,0.5659526493799324,0.5654971609934846
Mes 6,MLP,"hidden_layer_sizes=(7,), alpha=0.001, learning_rate_init=0.01",0.7350620067643743,0.7348909246887187,0.09629094851075454,0.5659526493799324,0.5654971609934846
Mes 6,MLP,"hidden_layer_sizes=(7,), alpha=0.001, learning_rate_init=0.1",0.7463359639233371,0.7460972263361969,0.0849999710285996,0.5659526493799324,0.5654971609934846
Mes 6,MLP,"hidden_layer_sizes=(7,), alpha=0.01, learning_rate_init=0.001",0.5659526493799324,0.5654971609934846,0.11196992584230661,0.5659526493799324,0.5654971609934846
Mes 6,MLP,"hidden_layer_sizes=(7,), alpha=0.01, learning_rate_init=0.01",0.7350620067643743,0.7348909246887187,0.09629094851075454,0.5659526493799324,0.5654971609934846
Mes 6,MLP,"hidden_layer_sizes=(7,), alpha=0.01, learning_rate_init=0.1",0.7531003382187148,0.752843928395399,0.09304062942390526,0.5659526493799324,0.5654971609934846
Mes 6,MLP,"hidden_layer_sizes=(14,), alpha=0.0001, learning_rate_init=0.001",0.532130777903044,0.5323506572587455,0.06655383156100479,0.5659526493799324,0.5654971609934846
Mes 6,MLP,"hidden_layer_sizes=(14,), alpha=0.0001, learning_rate_init=0.01",0.7576099210822999,0.7573740936792408,0.0805226119466227,0.5659526493799324,0.5654971609934846
Mes 6,MLP,"hidden_layer_sizes=(14,), alpha=0.0001, learning_rate_init=0.1",0.7282976324689966,0.7279156372906374,0.09427624285146713,0.5659526493799324,0.5654971609934846
Mes 6,MLP,"hidden_layer_sizes=(14,), alpha=0.001, learning_rate_init=0.001",0.532130777903044,0.5323506572587455,0.06655383156100479,0.5659526493799324,0.5654971609934846
Mes 6,MLP,"hidden_layer_sizes=(14,), alpha=0.001, learning_rate_init=0.01",0.7564825253664036,0.7562580222506694,0.08021429702525425,0.5659526493799324,0.5654971609934846
Mes 6,MLP,"hidden_layer_sizes=(14,), alpha=0.001, learning_rate_init=0.1",0.7282976324689966,0.7279256456646164,0.09190455015346487,0.5659526493799324,0.5654971609934846
Mes 6,MLP,"hidden_layer_sizes=(14,), alpha=0.01, learning_rate_init=0.001",0.5310033821871477,0.5312142936223818,0.0662810253375654,0.5659526493799324,0.5654971609934846
Mes 6,MLP,"hidden_layer_sizes=(14,), alpha=0.01, learning_rate_init=0.01",0.7576099210822999,0.7573740936792408,0.0805226119466227,0.5659526493799324,0.5654971609934846
Mes 6,MLP,"hidden_layer_sizes=(14,), alpha=0.01, learning_rate_init=0.1",0.7282976324689966,0.7279562217062218,0.09175102626053885,0.5659526493799324,0.5654971609934846
Mes 6,MLP,"hidden_layer_sizes=(28,), alpha=0.0001, learning_rate_init=0.001",0.6459977452085682,0.6457205726507197,0.10031358294938733,0.5659526493799324,0.5654971609934846
Mes 6,MLP,"hidden_layer_sizes=(28,), alpha=0.0001, learning_rate_init=0.01",0.7779030439684329,0.7777815843073196,0.075315933647399,0.5659526493799324,0.5654971609934846
Mes 6,MLP,"hidden_layer_sizes=(28,), alpha=0.0001, learning_rate_init=0.1",0.7440811724915445,0.7439508896310367,0.07800697660564995,0.5659526493799324,0.5654971609934846
Mes 6,MLP,"hidden_layer_sizes=(28,), alpha=0.001, learning_rate_init=0.001",0.6459977452085682,0.6457205726507197,0.10031358294938733,0.5659526493799324,0.5654971609934846
Mes 6,MLP,"hidden_layer_sizes=(28,), alpha=0.001, learning_rate_init=0.01",0.7779030439684329,0.7777815843073196,0.075315933647399,0.5659526493799324,0.5654971609934846
Mes 6,MLP,"hidden_layer_sizes=(28,), alpha=0.001, learning_rate_init=0.1",0.7519729425028185,0.751823854305472,0.08034263583753011,0.5659526493799324,0.5654971609934846
Mes 6,MLP,"hidden_layer_sizes=(28,), alpha=0.01, learning_rate_init=0.001",0.6471251409244645,0.6468466987768459,0.10172087662461632,0.5659526493799324,0.5654971609934846
Mes 6,MLP,"hidden_layer_sizes=(28,), alpha=0.01, learning_rate_init=0.01",0.7779030439684329,0.777766434016434,0.07637810939436754,0.5659526493799324,0.5654971609934846
Mes 6,MLP,"hidden_layer_sizes=(28,), alpha=0.01, learning_rate_init=0.1",0.7463359639233371,0.7460660067277715,0.07015929064996836,0.5659526493799324,0.5654971609934846
Mes 6,MLP,"hidden_layer_sizes=(7, 7), alpha=0.0001, learning_rate_init=0.001",0.23900789177001128,0.23938833258686204,0.13112112009251697,0.5659526493799324,0.5654971609934846
Mes 6,MLP,"hidden_layer_sizes=(7, 7), alpha=0.0001, learning_rate_init=0.01",0.7147688838782412,0.7148929063451123,0.0916083944453563,0.5659526493799324,0.5654971609934846
Mes 6,MLP,"hidden_layer_sizes=(7, 7), alpha=0.0001, learning_rate_init=0.1",0.7249154453213078,0.724709697595727,0.08746265044670681,0.5659526493799324,0.5654971609934846
Mes 6,MLP,"hidden_layer_sizes=(7, 7), alpha=0.001, learning_rate_init=0.001",0.23900789177001128,0.23938833258686204,0.13112112009251697,0.5659526493799324,0.5654971609934846
Mes 6,MLP,"hidden_layer_sizes=(7, 7), alpha=0.001, learning_rate_init=0.01",0.7170236753100339,0.7171453414100473,0.09096818287404504,0.5659526493799324,0.5654971609934846
Mes 6,MLP,"hidden_layer_sizes=(7, 7), alpha=0.001, learning_rate_init=0.1",0.7204058624577226,0.7201844914161091,0.10483881801070785,0.5659526493799324,0.5654971609934846
Mes 6,MLP,"hidden_layer_sizes=(7, 7), alpha=0.01, learning_rate_init=0.001",0.23900789177001128,0.23938833258686204,0.13112112009251697,0.5659526493799324,0.5654971609934846
Mes 6,MLP,"hidden_layer_sizes=(7, 7), alpha=0.01, learning_rate_init=0.01",0.7237880496054115,0.7237200167347226,0.08259234378578284,0.5659526493799324,0.5654971609934846
Mes 6,MLP,"hidden_layer_sizes=(7, 7), alpha=0.01, learning_rate_init=0.1",0.7294250281848929,0.7291837187057775,0.10080836727375118,0.5659526493799324,0.5654971609934846
Mes 6,MLP,"hidden_layer_sizes=(14, 7), alpha=0.0001, learning_rate_init=0.001",0.5636978579481398,0.5636745574245574,0.06779276489531141,0.5659526493799324,0.5654971609934846
Mes 6,MLP,"hidden_layer_sizes=(14, 7), alpha=0.0001, learning_rate_init=0.01",0.7147688838782412,0.7146705647624765,0.104795250612931,0.5659526493799324,0.5654971609934846
Mes 6,MLP,"hidden_layer_sizes=(14, 7), alpha=0.0001, learning_rate_init=0.1",0.6471251409244645,0.6468974743790921,0.09459309035920666,0.5659526493799324,0.5654971609934846
Mes 6,MLP,"hidden_layer_sizes=(14, 7), alpha=0.001, learning_rate_init=0.001",0.5490417136414881,0.5489018301518301,0.05806481334638825,0.5659526493799324,0.5654971609934846
Mes 6,MLP,"hidden_layer_sizes=(14, 7), alpha=0.001, learning_rate_init=0.01",0.7068771138669673,0.7068132061698239,0.08368483496573084,0.5659526493799324,0.5654971609934846
Mes 6,MLP,"hidden_layer_sizes=(14, 7), alpha=0.001, learning_rate_init=0.1",0.6381059751972943,0.6379895632652985,0.11121565598491061,0.5659526493799324,0.5654971609934846
Mes 6,MLP,"hidden_layer_sizes=(14, 7), alpha=0.01, learning_rate_init=0.001",0.5490417136414881,0.5489018301518301,0.05806481334638825,0.5659526493799324,0.5654971609934846
Mes 6,MLP,"hidden_layer_sizes=(14, 7), alpha=0.01, learning_rate_init=0.01",0.7046223224351748,0.7045144963343493,0.09017517684572876,0.5659526493799324,0.5654971609934846
Mes 6,MLP,"hidden_layer_sizes=(14, 7), alpha=0.01, learning_rate_init=0.1",0.673055242390079,0.6727592508842508,0.08700116173183244,0.5659526493799324,0.5654971609934846
Mes 6,DecisionTree,"max_depth=None, min_samples_split=5, max_features=log2, criterion=gini",0.7125140924464487,0.7124830927220633,0.09151566510803419,0.7643742953776775,0.7642068748686396
Mes 6,DecisionTree,"max_depth=None, min_samples_split=2, max_features=None, criterion=entropy",0.7733934611048479,0.7733840045420928,0.08057945627347453,0.7643742953776775,0.7642068748686396
Mes 6,DecisionTree,"max_depth=None, min_samples_split=2, max_features=sqrt, criterion=entropy",0.7328072153325818,0.7328760716628364,0.07101273142048854,0.7643742953776775,0.7642068748686396
Mes 6,DecisionTree,"max_depth=None, min_samples_split=20, max_features=None, criterion=gini",0.7463359639233371,0.7460917626358803,0.07474114278474045,0.7643742953776775,0.7642068748686396
Mes 6,DecisionTree,"max_depth=10, min_samples_split=5, max_features=log2, criterion=entropy",0.7384441939120632,0.7383899519928931,0.0709353714213725,0.7643742953776775,0.7642068748686396
Mes 6,DecisionTree,"max_depth=None, min_samples_split=5, max_features=sqrt, criterion=entropy",0.7237880496054115,0.7237042692005926,0.07411801081629028,0.7643742953776775,0.7642068748686396
Mes 6,DecisionTree,"max_depth=20, min_samples_split=20, max_features=log2, criterion=entropy",0.7012401352874859,0.7013888527675293,0.08227572639575904,0.7643742953776775,0.7642068748686396
Mes 6,DecisionTree,"max_depth=10, min_samples_split=20, max_features=sqrt, criterion=gini",0.6910935738444194,0.6912273694442812,0.08722055505940138,0.7643742953776775,0.7642068748686396
Mes 6,DecisionTree,"max_depth=5, min_samples_split=2, max_features=sqrt, criterion=gini",0.6719278466741826,0.6718444975797916,0.07679681671392682,0.7643742953776775,0.7642068748686396
Mes 6,DecisionTree,"max_depth=5, min_samples_split=5, max_features=None, criterion=gini",0.7688838782412627,0.7687070613541201,0.06674610332662544,0.7643742953776775,0.7642068748686396
Mes 6,DecisionTree,"max_depth=20, min_samples_split=10, max_features=None, criterion=gini",0.7531003382187148,0.7528994314839903,0.06962734792161306,0.7643742953776775,0.7642068748686396
Mes 6,DecisionTree,"max_depth=10, min_samples_split=5, max_features=sqrt, criterion=gini",0.7023675310033822,0.7023531433457905,0.059473579496084034,0.7643742953776775,0.7642068748686396
Mes 6,DecisionTree,"max_depth=5, min_samples_split=20, max_features=sqrt, criterion=gini",0.6764374295377678,0.6766277682637977,0.09824488311096018,0.7643742953776775,0.7642068748686396
Mes 6,DecisionTree,"max_depth=5, min_samples_split=2, max_features=None, criterion=gini",0.7666290868094702,0.7664495306958542,0.06989086223989893,0.7643742953776775,0.7642068748686396
Mes 6,DecisionTree,"max_depth=10, min_samples_split=5, max_features=sqrt, criterion=entropy",0.7226606538895152,0.7225730474811356,0.07496357780707902,0.7643742953776775,0.7642068748686396
Mes 6,DecisionTree,"max_depth=10, min_samples_split=2, max_features=log2, criterion=gini",0.7080045095828635,0.7079941504573858,0.07896334686111368,0.7643742953776775,0.7642068748686396
Mes 6,DecisionTree,"max_depth=5, min_samples_split=10, max_features=sqrt, criterion=gini",0.6764374295377678,0.6765616107527872,0.08444381949707618,0.7643742953776775,0.7642068748686396
Mes 6,DecisionTree,"max_depth=5, min_samples_split=20, max_features=None, criterion=gini",0.7485907553551296,0.748303613285231,0.07662589201961882,0.7643742953776775,0.7642068748686396
Mes 6,DecisionTree,"max_depth=20, min_samples_split=2, max_features=None, criterion=entropy",0.7733934611048479,0.7733840045420928,0.08057945627347453,0.7643742953776775,0.7642068748686396
Mes 6,DecisionTree,"max_depth=None, min_samples_split=10, max_features=sqrt, criterion=entropy",0.7113866967305524,0.7111387089328266,0.0814621941029389,0.7643742953776775,0.7642068748686396
Mes 6,DecisionTree,"max_depth=10, min_samples_split=10, max_features=None, criterion=gini",0.7485907553551296,0.7483796865230689,0.07590526801494805,0.7643742953776775,0.7642068748686396
Mes 6,DecisionTree,"max_depth=20, min_samples_split=20, max_features=sqrt, criterion=entropy",0.7158962795941376,0.7158975522026992,0.07127885724188683,0.7643742953776775,0.7642068748686396
Mes 6,DecisionTree,"max_depth=5, min_samples_split=10, max_features=log2, criterion=entropy",0.6933483652762119,0.6934804455944162,0.07959002489255455,0.7643742953776775,0.7642068748686396
Mes 6,DecisionTree,"max_depth=20, min_samples_split=20, max_features=log2, criterion=gini",0.7350620067643743,0.735047935139847,0.07802934724182893,0.7643742953776775,0.7642068748686396
Mes 6,DecisionTree,"max_depth=None, min_samples_split=10, max_features=None, criterion=gini",0.7531003382187148,0.7528994314839903,0.06962734792161306,0.7643742953776775,0.7642068748686396
Mes 6,DecisionTree,"max_depth=5, min_samples_split=5, max_features=log2, criterion=entropy",0.7023675310033822,0.7025150252172311,0.08782347952855614,0.7643742953776775,0.7642068748686396
Mes 6,DecisionTree,"max_depth=10, min_samples_split=10, max_features=log2, criterion=entropy",0.7294250281848929,0.729518490088343,0.06894304781768923,0.7643742953776775,0.7642068748686396
Mes 6,DecisionTree,"max_depth=5, min_samples_split=5, max_features=None, criterion=entropy",0.7711386696730552,0.771065643584026,0.08714205660554157,0.7643742953776775,0.7642068748686396
Mes 6,DecisionTree,"max_depth=10, min_samples_split=20, max_features=log2, criterion=entropy",0.7012401352874859,0.7013888527675293,0.08227572639575904,0.7643742953776775,0.7642068748686396
Mes 6,DecisionTree,"max_depth=20, min_samples_split=5, max_features=sqrt, criterion=entropy",0.7237880496054115,0.7237042692005926,0.07411801081629028,0.7643742953776775,0.7642068748686396
Mes 6,DecisionTree,"max_depth=10, min_samples_split=2, max_features=None, criterion=gini",0.770011273957159,0.7697720817206112,0.06975559856322594,0.7643742953776775,0.7642068748686396
Mes 6,DecisionTree,"max_depth=None, min_samples_split=2, max_features=sqrt, criterion=gini",0.7012401352874859,0.7014651551416258,0.09081162734711708,0.7643742953776775,0.7642068748686396
Mes 6,DecisionTree,"max_depth=20, min_samples_split=20, max_features=None, criterion=gini",0.7463359639233371,0.7460917626358803,0.07474114278474045,0.7643742953776775,0.7642068748686396
Mes 6,DecisionTree,"max_depth=5, min_samples_split=2, max_features=None, criterion=entropy",0.7666290868094702,0.7665504896203426,0.08445188639720227,0.7643742953776775,0.7642068748686396
Mes 6,DecisionTree,"max_depth=10, min_samples_split=20, max_features=log2, criterion=gini",0.7294250281848929,0.7294069768334475,0.0840066024552277,0.7643742953776775,0.7642068748686396
Mes 6,DecisionTree,"max_depth=20, min_samples_split=2, max_features=sqrt, criterion=entropy",0.7328072153325818,0.7328760716628364,0.07101273142048854,0.7643742953776775,0.7642068748686396
Mes 6,DecisionTree,"max_depth=10, min_samples_split=5, max_features=None, criterion=entropy",0.7666290868094702,0.7666115953799778,0.08691515591315149,0.7643742953776775,0.7642068748686396
Mes 6,DecisionTree,"max_depth=5, min_samples_split=10, max_features=None, criterion=gini",0.7632468996617813,0.7630758822854411,0.06862091245937324,0.7643742953776775,0.7642068748686396
Mes 6,DecisionTree,"max_depth=10, min_samples_split=20, max_features=None, criterion=entropy",0.7564825253664036,0.7563439210498034,0.08256102275200236,0.7643742953776775,0.7642068748686396
Mes 6,DecisionTree,"max_depth=10, min_samples_split=5, max_features=None, criterion=gini",0.7564825253664036,0.7563237190075425,0.0705249183813918,0.7643742953776775,0.7642068748686396
Mes 6,DecisionTree,"max_depth=5, min_samples_split=5, max_features=sqrt, criterion=entropy",0.7091319052987599,0.7091503918709801,0.06492653852558654,0.7643742953776775,0.7642068748686396
Mes 6,DecisionTree,"max_depth=None, min_samples_split=20, max_features=sqrt, criterion=entropy",0.7158962795941376,0.7158975522026992,0.07127885724188683,0.7643742953776775,0.7642068748686396
Mes 6,DecisionTree,"max_depth=10, min_samples_split=2, max_features=log2, criterion=entropy",0.7395715896279594,0.7395426116014351,0.06162446256040525,0.7643742953776775,0.7642068748686396
Mes 6,DecisionTree,"max_depth=5, min_samples_split=20, max_features=sqrt, criterion=entropy",0.6798196166854565,0.6799402645909999,0.0911144533706929,0.7643742953776775,0.7642068748686396
Mes 6,DecisionTree,"max_depth=None, min_samples_split=5, max_features=sqrt, criterion=gini",0.7068771138669673,0.706837445808034,0.05518221063844778,0.7643742953776775,0.7642068748686396
Mes 6,DecisionTree,"max_depth=10, min_samples_split=2, max_features=sqrt, criterion=entropy",0.7294250281848929,0.7294672562135797,0.07338260800068103,0.7643742953776775,0.7642068748686396
Mes 6,DecisionTree,"max_depth=None, min_samples_split=10, max_features=None, criterion=entropy",0.7722660653889515,0.7722423624997155,0.08686282105226864,0.7643742953776775,0.7642068748686396
Mes 6,DecisionTree,"max_depth=5, min_samples_split=10, max_features=sqrt, criterion=entropy",0.6910935738444194,0.691161809176515,0.08062539616595096,0.7643742953776775,0.7642068748686396
Mes 6,DecisionTree,"max_depth=10, min_samples_split=2, max_features=sqrt, criterion=gini",0.7080045095828635,0.7082223213657037,0.07705845374810921,0.7643742953776775,0.7642068748686396
Mes 6,DecisionTree,"max_depth=5, min_samples_split=2, max_features=log2, criterion=entropy",0.6865839909808342,0.6866574436427377,0.08501614400665632,0.7643742953776775,0.7642068748686396
