Month,Model,Params,Pooled_Accuracy,Patient_Accuracy_Mean,Patient_Accuracy_Std,Best_So_Far_Pool,Best_So_Far_Pat,Grid
Mes 3,SVM,"C=5, kernel=rbf, gamma=0.001, class_weight=None",0.7281818181818182,0.7281818181818182,0.10528984002848112,0.8245454545454546,0.8245454545454545,1
Mes 3,SVM,"C=5, kernel=rbf, gamma=0.001, class_weight=balanced",0.7281818181818182,0.7281818181818182,0.10528984002848112,0.8245454545454546,0.8245454545454545,1
Mes 3,SVM,"C=5, kernel=rbf, gamma=0.005, class_weight=None",0.8063636363636364,0.8063636363636363,0.06974570101387868,0.8245454545454546,0.8245454545454545,1
Mes 3,SVM,"C=5, kernel=rbf, gamma=0.005, class_weight=balanced",0.8063636363636364,0.8063636363636363,0.06974570101387868,0.8245454545454546,0.8245454545454545,1
Mes 3,SVM,"C=5, kernel=rbf, gamma=0.01, class_weight=None",0.8272727272727273,0.8272727272727274,0.07204222820421435,0.8245454545454546,0.8245454545454545,1
Mes 3,SVM,"C=5, kernel=rbf, gamma=0.01, class_weight=balanced",0.8272727272727273,0.8272727272727274,0.07204222820421435,0.8245454545454546,0.8245454545454545,1
Mes 3,SVM,"C=5, kernel=rbf, gamma=0.02, class_weight=None",0.8254545454545454,0.8254545454545454,0.06634495378370527,0.8245454545454546,0.8245454545454545,1
Mes 3,SVM,"C=5, kernel=rbf, gamma=0.02, class_weight=balanced",0.8254545454545454,0.8254545454545454,0.06634495378370527,0.8245454545454546,0.8245454545454545,1
Mes 3,SVM,"C=5, kernel=rbf, gamma=0.05, class_weight=None",0.8109090909090909,0.8109090909090909,0.07310131088354407,0.8245454545454546,0.8245454545454545,1
Mes 3,SVM,"C=5, kernel=rbf, gamma=0.05, class_weight=balanced",0.8109090909090909,0.8109090909090909,0.07310131088354407,0.8245454545454546,0.8245454545454545,1
Mes 3,SVM,"C=5, kernel=rbf, gamma=scale, class_weight=None",0.8245454545454546,0.8245454545454546,0.07097898653070232,0.8245454545454546,0.8245454545454545,1
Mes 3,SVM,"C=5, kernel=rbf, gamma=scale, class_weight=balanced",0.8245454545454546,0.8245454545454546,0.07097898653070232,0.8245454545454546,0.8245454545454545,1
Mes 3,SVM,"C=5, kernel=rbf, gamma=auto, class_weight=None",0.8245454545454546,0.8245454545454546,0.07097898653070232,0.8245454545454546,0.8245454545454545,1
Mes 3,SVM,"C=5, kernel=rbf, gamma=auto, class_weight=balanced",0.8245454545454546,0.8245454545454546,0.07097898653070232,0.8245454545454546,0.8245454545454545,1
Mes 3,SVM,"C=7, kernel=rbf, gamma=0.001, class_weight=None",0.7363636363636363,0.7363636363636363,0.09203843968780265,0.8245454545454546,0.8245454545454545,1
Mes 3,SVM,"C=7, kernel=rbf, gamma=0.001, class_weight=balanced",0.7363636363636363,0.7363636363636363,0.09203843968780265,0.8245454545454546,0.8245454545454545,1
Mes 3,SVM,"C=7, kernel=rbf, gamma=0.005, class_weight=None",0.8209090909090909,0.8209090909090909,0.05923758020961785,0.8245454545454546,0.8245454545454545,1
Mes 3,SVM,"C=7, kernel=rbf, gamma=0.005, class_weight=balanced",0.8209090909090909,0.8209090909090909,0.05923758020961785,0.8245454545454546,0.8245454545454545,1
Mes 3,SVM,"C=7, kernel=rbf, gamma=0.01, class_weight=None",0.8263636363636364,0.8263636363636364,0.06919848085085478,0.8245454545454546,0.8245454545454545,1
Mes 3,SVM,"C=7, kernel=rbf, gamma=0.01, class_weight=balanced",0.8263636363636364,0.8263636363636364,0.06919848085085478,0.8245454545454546,0.8245454545454545,1
Mes 3,SVM,"C=7, kernel=rbf, gamma=0.02, class_weight=None",0.8227272727272728,0.8227272727272726,0.07346219582122519,0.8245454545454546,0.8245454545454545,1
Mes 3,SVM,"C=7, kernel=rbf, gamma=0.02, class_weight=balanced",0.8227272727272728,0.8227272727272726,0.07346219582122519,0.8245454545454546,0.8245454545454545,1
Mes 3,SVM,"C=7, kernel=rbf, gamma=0.05, class_weight=None",0.8145454545454546,0.8145454545454547,0.06799367982296418,0.8245454545454546,0.8245454545454545,1
Mes 3,SVM,"C=7, kernel=rbf, gamma=0.05, class_weight=balanced",0.8145454545454546,0.8145454545454547,0.06799367982296418,0.8245454545454546,0.8245454545454545,1
Mes 3,SVM,"C=7, kernel=rbf, gamma=scale, class_weight=None",0.8227272727272728,0.8227272727272726,0.0683331653562405,0.8245454545454546,0.8245454545454545,1
Mes 3,SVM,"C=7, kernel=rbf, gamma=scale, class_weight=balanced",0.8227272727272728,0.8227272727272726,0.0683331653562405,0.8245454545454546,0.8245454545454545,1
Mes 3,SVM,"C=7, kernel=rbf, gamma=auto, class_weight=None",0.8227272727272728,0.8227272727272726,0.0683331653562405,0.8245454545454546,0.8245454545454545,1
Mes 3,SVM,"C=7, kernel=rbf, gamma=auto, class_weight=balanced",0.8227272727272728,0.8227272727272726,0.0683331653562405,0.8245454545454546,0.8245454545454545,1
Mes 3,SVM,"C=10, kernel=rbf, gamma=0.001, class_weight=None",0.7563636363636363,0.7563636363636363,0.0893317708839145,0.8245454545454546,0.8245454545454545,1
Mes 3,SVM,"C=10, kernel=rbf, gamma=0.001, class_weight=balanced",0.7563636363636363,0.7563636363636363,0.0893317708839145,0.8245454545454546,0.8245454545454545,1
Mes 3,SVM,"C=10, kernel=rbf, gamma=0.005, class_weight=None",0.8236363636363636,0.8236363636363636,0.059986224313904074,0.8245454545454546,0.8245454545454545,1
Mes 3,SVM,"C=10, kernel=rbf, gamma=0.005, class_weight=balanced",0.8236363636363636,0.8236363636363636,0.059986224313904074,0.8245454545454546,0.8245454545454545,1
Mes 3,SVM,"C=10, kernel=rbf, gamma=0.01, class_weight=None",0.8272727272727273,0.8272727272727272,0.06265476705495553,0.8245454545454546,0.8245454545454545,1
Mes 3,SVM,"C=10, kernel=rbf, gamma=0.01, class_weight=balanced",0.8272727272727273,0.8272727272727272,0.06265476705495553,0.8245454545454546,0.8245454545454545,1
Mes 3,SVM,"C=10, kernel=rbf, gamma=0.02, class_weight=None",0.82,0.82,0.07161651778629503,0.8245454545454546,0.8245454545454545,1
Mes 3,SVM,"C=10, kernel=rbf, gamma=0.02, class_weight=balanced",0.82,0.82,0.07161651778629503,0.8245454545454546,0.8245454545454545,1
Mes 3,SVM,"C=10, kernel=rbf, gamma=0.05, class_weight=None",0.82,0.82,0.06546717049959574,0.8245454545454546,0.8245454545454545,1
Mes 3,SVM,"C=10, kernel=rbf, gamma=0.05, class_weight=balanced",0.82,0.82,0.06546717049959574,0.8245454545454546,0.8245454545454545,1
Mes 3,SVM,"C=10, kernel=rbf, gamma=scale, class_weight=None",0.8245454545454546,0.8245454545454545,0.06842985187839569,0.8245454545454546,0.8245454545454545,1
Mes 3,SVM,"C=10, kernel=rbf, gamma=scale, class_weight=balanced",0.8245454545454546,0.8245454545454545,0.06842985187839569,0.8245454545454546,0.8245454545454545,1
Mes 3,SVM,"C=10, kernel=rbf, gamma=auto, class_weight=None",0.8245454545454546,0.8245454545454545,0.06842985187839569,0.8245454545454546,0.8245454545454545,1
Mes 3,SVM,"C=10, kernel=rbf, gamma=auto, class_weight=balanced",0.8245454545454546,0.8245454545454545,0.06842985187839569,0.8245454545454546,0.8245454545454545,1
Mes 3,SVM,"C=12, kernel=rbf, gamma=0.001, class_weight=None",0.769090909090909,0.769090909090909,0.08895165369016404,0.8245454545454546,0.8245454545454545,1
Mes 3,SVM,"C=12, kernel=rbf, gamma=0.001, class_weight=balanced",0.769090909090909,0.769090909090909,0.08895165369016404,0.8245454545454546,0.8245454545454545,1
Mes 3,SVM,"C=12, kernel=rbf, gamma=0.005, class_weight=None",0.8227272727272728,0.8227272727272729,0.05863460180580763,0.8245454545454546,0.8245454545454545,1
Mes 3,SVM,"C=12, kernel=rbf, gamma=0.005, class_weight=balanced",0.8227272727272728,0.8227272727272729,0.05863460180580763,0.8245454545454546,0.8245454545454545,1
Mes 3,SVM,"C=12, kernel=rbf, gamma=0.01, class_weight=None",0.8263636363636364,0.8263636363636364,0.06175130071906069,0.8245454545454546,0.8245454545454545,1
Mes 3,SVM,"C=12, kernel=rbf, gamma=0.01, class_weight=balanced",0.8263636363636364,0.8263636363636364,0.06175130071906069,0.8245454545454546,0.8245454545454545,1
Mes 3,SVM,"C=12, kernel=rbf, gamma=0.02, class_weight=None",0.8227272727272728,0.8227272727272726,0.06612035107624795,0.8245454545454546,0.8245454545454545,1
Mes 3,SVM,"C=12, kernel=rbf, gamma=0.02, class_weight=balanced",0.8227272727272728,0.8227272727272726,0.06612035107624795,0.8245454545454546,0.8245454545454545,1
Mes 3,SVM,"C=12, kernel=rbf, gamma=0.05, class_weight=None",0.8190909090909091,0.8190909090909091,0.06658121244945657,0.8245454545454546,0.8245454545454545,1
Mes 3,SVM,"C=12, kernel=rbf, gamma=0.05, class_weight=balanced",0.8190909090909091,0.8190909090909091,0.06658121244945657,0.8245454545454546,0.8245454545454545,1
Mes 3,SVM,"C=12, kernel=rbf, gamma=scale, class_weight=None",0.8236363636363636,0.8236363636363636,0.06877920116137362,0.8245454545454546,0.8245454545454545,1
Mes 3,SVM,"C=12, kernel=rbf, gamma=scale, class_weight=balanced",0.8236363636363636,0.8236363636363636,0.06877920116137362,0.8245454545454546,0.8245454545454545,1
Mes 3,SVM,"C=12, kernel=rbf, gamma=auto, class_weight=None",0.8236363636363636,0.8236363636363636,0.06877920116137362,0.8245454545454546,0.8245454545454545,1
Mes 3,SVM,"C=12, kernel=rbf, gamma=auto, class_weight=balanced",0.8236363636363636,0.8236363636363636,0.06877920116137362,0.8245454545454546,0.8245454545454545,1
Mes 3,SVM,"C=15, kernel=rbf, gamma=0.001, class_weight=None",0.7772727272727272,0.7772727272727273,0.08018573480436343,0.8245454545454546,0.8245454545454545,1
Mes 3,SVM,"C=15, kernel=rbf, gamma=0.001, class_weight=balanced",0.7772727272727272,0.7772727272727273,0.08018573480436343,0.8245454545454546,0.8245454545454545,1
Mes 3,SVM,"C=15, kernel=rbf, gamma=0.005, class_weight=None",0.8218181818181818,0.8218181818181819,0.05319541395755564,0.8245454545454546,0.8245454545454545,1
Mes 3,SVM,"C=15, kernel=rbf, gamma=0.005, class_weight=balanced",0.8218181818181818,0.8218181818181819,0.05319541395755564,0.8245454545454546,0.8245454545454545,1
Mes 3,SVM,"C=15, kernel=rbf, gamma=0.01, class_weight=None",0.8290909090909091,0.8290909090909091,0.0612945739310457,0.8245454545454546,0.8245454545454545,1
Mes 3,SVM,"C=15, kernel=rbf, gamma=0.01, class_weight=balanced",0.8290909090909091,0.8290909090909091,0.0612945739310457,0.8245454545454546,0.8245454545454545,1
Mes 3,SVM,"C=15, kernel=rbf, gamma=0.02, class_weight=None",0.8272727272727273,0.8272727272727274,0.062324132730918594,0.8245454545454546,0.8245454545454545,1
Mes 3,SVM,"C=15, kernel=rbf, gamma=0.02, class_weight=balanced",0.8272727272727273,0.8272727272727274,0.062324132730918594,0.8245454545454546,0.8245454545454545,1
Mes 3,SVM,"C=15, kernel=rbf, gamma=0.05, class_weight=None",0.82,0.82,0.06546717049959574,0.8245454545454546,0.8245454545454545,1
Mes 3,SVM,"C=15, kernel=rbf, gamma=0.05, class_weight=balanced",0.82,0.82,0.06546717049959574,0.8245454545454546,0.8245454545454545,1
Mes 3,SVM,"C=15, kernel=rbf, gamma=scale, class_weight=None",0.8227272727272728,0.8227272727272726,0.0665563826099023,0.8245454545454546,0.8245454545454545,1
Mes 3,SVM,"C=15, kernel=rbf, gamma=scale, class_weight=balanced",0.8227272727272728,0.8227272727272726,0.0665563826099023,0.8245454545454546,0.8245454545454545,1
Mes 3,SVM,"C=15, kernel=rbf, gamma=auto, class_weight=None",0.8227272727272728,0.8227272727272726,0.0665563826099023,0.8245454545454546,0.8245454545454545,1
Mes 3,SVM,"C=15, kernel=rbf, gamma=auto, class_weight=balanced",0.8227272727272728,0.8227272727272726,0.0665563826099023,0.8245454545454546,0.8245454545454545,1
Mes 3,SVM,"C=20, kernel=rbf, gamma=0.001, class_weight=None",0.79,0.7899999999999999,0.06551764635173545,0.8245454545454546,0.8245454545454545,1
Mes 3,SVM,"C=20, kernel=rbf, gamma=0.001, class_weight=balanced",0.79,0.7899999999999999,0.06551764635173545,0.8245454545454546,0.8245454545454545,1
Mes 3,SVM,"C=20, kernel=rbf, gamma=0.005, class_weight=None",0.8245454545454546,0.8245454545454546,0.051152017805946186,0.8245454545454546,0.8245454545454545,1
Mes 3,SVM,"C=20, kernel=rbf, gamma=0.005, class_weight=balanced",0.8245454545454546,0.8245454545454546,0.051152017805946186,0.8245454545454546,0.8245454545454545,1
Mes 3,SVM,"C=20, kernel=rbf, gamma=0.01, class_weight=None",0.8236363636363636,0.8236363636363636,0.0656436661764934,0.8245454545454546,0.8245454545454545,1
Mes 3,SVM,"C=20, kernel=rbf, gamma=0.01, class_weight=balanced",0.8236363636363636,0.8236363636363636,0.0656436661764934,0.8245454545454546,0.8245454545454545,1
Mes 3,SVM,"C=20, kernel=rbf, gamma=0.02, class_weight=None",0.8345454545454546,0.8345454545454546,0.057251078159395605,0.8245454545454546,0.8245454545454545,1
Mes 3,SVM,"C=20, kernel=rbf, gamma=0.02, class_weight=balanced",0.8345454545454546,0.8345454545454546,0.057251078159395605,0.8245454545454546,0.8245454545454545,1
Mes 3,SVM,"C=20, kernel=rbf, gamma=0.05, class_weight=None",0.8181818181818182,0.8181818181818181,0.06772574738977882,0.8245454545454546,0.8245454545454545,1
Mes 3,SVM,"C=20, kernel=rbf, gamma=0.05, class_weight=balanced",0.8181818181818182,0.8181818181818181,0.06772574738977882,0.8245454545454546,0.8245454545454545,1
Mes 3,SVM,"C=20, kernel=rbf, gamma=scale, class_weight=None",0.8263636363636364,0.8263636363636364,0.05943257864974966,0.8245454545454546,0.8245454545454545,1
Mes 3,SVM,"C=20, kernel=rbf, gamma=scale, class_weight=balanced",0.8263636363636364,0.8263636363636364,0.05943257864974966,0.8245454545454546,0.8245454545454545,1
Mes 3,SVM,"C=20, kernel=rbf, gamma=auto, class_weight=None",0.8263636363636364,0.8263636363636364,0.05943257864974966,0.8245454545454546,0.8245454545454545,1
Mes 3,SVM,"C=20, kernel=rbf, gamma=auto, class_weight=balanced",0.8263636363636364,0.8263636363636364,0.05943257864974966,0.8245454545454546,0.8245454545454545,1
Mes 3,SVM,"C=1, kernel=poly, degree=2, gamma=scale, coef0=0.0, class_weight=None",0.6590909090909091,0.6590909090909092,0.12408341635720717,0.8245454545454546,0.8245454545454545,2
Mes 3,SVM,"C=1, kernel=poly, degree=2, gamma=scale, coef0=1.0, class_weight=None",0.8054545454545454,0.8054545454545454,0.0696152353420969,0.8245454545454546,0.8245454545454545,2
Mes 3,SVM,"C=1, kernel=poly, degree=2, gamma=auto, coef0=0.0, class_weight=None",0.6590909090909091,0.6590909090909092,0.12408341635720717,0.8245454545454546,0.8245454545454545,2
Mes 3,SVM,"C=1, kernel=poly, degree=2, gamma=auto, coef0=1.0, class_weight=None",0.8054545454545454,0.8054545454545454,0.0696152353420969,0.8245454545454546,0.8245454545454545,2
Mes 3,SVM,"C=1, kernel=poly, degree=2, gamma=0.01, coef0=0.0, class_weight=None",0.6172727272727273,0.6172727272727273,0.12502561720974503,0.8245454545454546,0.8245454545454545,2
Mes 3,SVM,"C=1, kernel=poly, degree=2, gamma=0.01, coef0=1.0, class_weight=None",0.7772727272727272,0.7772727272727273,0.08944271909999157,0.8245454545454546,0.8245454545454545,2
Mes 3,SVM,"C=1, kernel=poly, degree=3, gamma=scale, coef0=0.0, class_weight=None",0.6427272727272727,0.6427272727272726,0.14694126560360804,0.8245454545454546,0.8245454545454545,2
Mes 3,SVM,"C=1, kernel=poly, degree=3, gamma=scale, coef0=1.0, class_weight=None",0.8181818181818182,0.8181818181818183,0.06357139540744397,0.8245454545454546,0.8245454545454545,2
Mes 3,SVM,"C=1, kernel=poly, degree=3, gamma=auto, coef0=0.0, class_weight=None",0.6427272727272727,0.6427272727272726,0.14694126560360804,0.8245454545454546,0.8245454545454545,2
Mes 3,SVM,"C=1, kernel=poly, degree=3, gamma=auto, coef0=1.0, class_weight=None",0.8181818181818182,0.8181818181818183,0.06357139540744397,0.8245454545454546,0.8245454545454545,2
Mes 3,SVM,"C=1, kernel=poly, degree=3, gamma=0.01, coef0=0.0, class_weight=None",0.5627272727272727,0.5627272727272727,0.13567705945667424,0.8245454545454546,0.8245454545454545,2
Mes 3,SVM,"C=1, kernel=poly, degree=3, gamma=0.01, coef0=1.0, class_weight=None",0.81,0.8099999999999999,0.06513812406426495,0.8245454545454546,0.8245454545454545,2
Mes 3,SVM,"C=1, kernel=poly, degree=4, gamma=scale, coef0=0.0, class_weight=None",0.5790909090909091,0.5790909090909091,0.11099102785569115,0.8245454545454546,0.8245454545454545,2
Mes 3,SVM,"C=1, kernel=poly, degree=4, gamma=scale, coef0=1.0, class_weight=None",0.8236363636363636,0.8236363636363636,0.05716439971731813,0.8245454545454546,0.8245454545454545,2
Mes 3,SVM,"C=1, kernel=poly, degree=4, gamma=auto, coef0=0.0, class_weight=None",0.5790909090909091,0.5790909090909091,0.11099102785569115,0.8245454545454546,0.8245454545454545,2
Mes 3,SVM,"C=1, kernel=poly, degree=4, gamma=auto, coef0=1.0, class_weight=None",0.8236363636363636,0.8236363636363636,0.05716439971731813,0.8245454545454546,0.8245454545454545,2
Mes 3,SVM,"C=1, kernel=poly, degree=4, gamma=0.01, coef0=0.0, class_weight=None",0.49,0.49000000000000005,0.08328979578942806,0.8245454545454546,0.8245454545454545,2
Mes 3,SVM,"C=1, kernel=poly, degree=4, gamma=0.01, coef0=1.0, class_weight=None",0.8145454545454546,0.8145454545454547,0.06539138366674344,0.8245454545454546,0.8245454545454545,2
Mes 3,SVM,"C=10, kernel=poly, degree=2, gamma=scale, coef0=0.0, class_weight=None",0.7609090909090909,0.760909090909091,0.06708819900907305,0.8245454545454546,0.8245454545454545,2
Mes 3,SVM,"C=10, kernel=poly, degree=2, gamma=scale, coef0=1.0, class_weight=None",0.84,0.8400000000000001,0.04335134188205953,0.8245454545454546,0.8245454545454545,2
Mes 3,SVM,"C=10, kernel=poly, degree=2, gamma=auto, coef0=0.0, class_weight=None",0.7609090909090909,0.760909090909091,0.06708819900907305,0.8245454545454546,0.8245454545454545,2
Mes 3,SVM,"C=10, kernel=poly, degree=2, gamma=auto, coef0=1.0, class_weight=None",0.84,0.8400000000000001,0.04335134188205953,0.8245454545454546,0.8245454545454545,2
Mes 3,SVM,"C=10, kernel=poly, degree=2, gamma=0.01, coef0=0.0, class_weight=None",0.7281818181818182,0.7281818181818182,0.0811793239971121,0.8245454545454546,0.8245454545454545,2
Mes 3,SVM,"C=10, kernel=poly, degree=2, gamma=0.01, coef0=1.0, class_weight=None",0.8345454545454546,0.8345454545454546,0.04763844547845058,0.8245454545454546,0.8245454545454545,2
Mes 3,SVM,"C=10, kernel=poly, degree=3, gamma=scale, coef0=0.0, class_weight=None",0.7227272727272728,0.7227272727272727,0.09723448696087957,0.8245454545454546,0.8245454545454545,2
Mes 3,SVM,"C=10, kernel=poly, degree=3, gamma=scale, coef0=1.0, class_weight=None",0.82,0.8200000000000001,0.055193124496947396,0.8245454545454546,0.8245454545454545,2
Mes 3,SVM,"C=10, kernel=poly, degree=3, gamma=auto, coef0=0.0, class_weight=None",0.7227272727272728,0.7227272727272727,0.09723448696087957,0.8245454545454546,0.8245454545454545,2
Mes 3,SVM,"C=10, kernel=poly, degree=3, gamma=auto, coef0=1.0, class_weight=None",0.82,0.8200000000000001,0.055193124496947396,0.8245454545454546,0.8245454545454545,2
Mes 3,SVM,"C=10, kernel=poly, degree=3, gamma=0.01, coef0=0.0, class_weight=None",0.6763636363636364,0.6763636363636363,0.1434636475969372,0.8245454545454546,0.8245454545454545,2
Mes 3,SVM,"C=10, kernel=poly, degree=3, gamma=0.01, coef0=1.0, class_weight=None",0.8145454545454546,0.8145454545454545,0.06707587907526076,0.8245454545454546,0.8245454545454545,2
Mes 3,SVM,"C=10, kernel=poly, degree=4, gamma=scale, coef0=0.0, class_weight=None",0.6636363636363637,0.6636363636363636,0.09451922713141842,0.8245454545454546,0.8245454545454545,2
Mes 3,SVM,"C=10, kernel=poly, degree=4, gamma=scale, coef0=1.0, class_weight=None",0.8318181818181818,0.8318181818181818,0.054012548281865275,0.8245454545454546,0.8245454545454545,2
Mes 3,SVM,"C=10, kernel=poly, degree=4, gamma=auto, coef0=0.0, class_weight=None",0.6636363636363637,0.6636363636363636,0.09451922713141842,0.8245454545454546,0.8245454545454545,2
Mes 3,SVM,"C=10, kernel=poly, degree=4, gamma=auto, coef0=1.0, class_weight=None",0.8318181818181818,0.8318181818181818,0.054012548281865275,0.8245454545454546,0.8245454545454545,2
Mes 3,SVM,"C=10, kernel=poly, degree=4, gamma=0.01, coef0=0.0, class_weight=None",0.6181818181818182,0.6181818181818182,0.11884429705353454,0.8245454545454546,0.8245454545454545,2
Mes 3,SVM,"C=10, kernel=poly, degree=4, gamma=0.01, coef0=1.0, class_weight=None",0.8227272727272728,0.8227272727272726,0.05919571125854437,0.8245454545454546,0.8245454545454545,2
Mes 3,SVM,"C=100, kernel=poly, degree=2, gamma=scale, coef0=0.0, class_weight=None",0.7663636363636364,0.7663636363636364,0.05937693015566522,0.8245454545454546,0.8245454545454545,2
Mes 3,SVM,"C=100, kernel=poly, degree=2, gamma=scale, coef0=1.0, class_weight=None",0.8318181818181818,0.8318181818181818,0.04045199174779454,0.8245454545454546,0.8245454545454545,2
Mes 3,SVM,"C=100, kernel=poly, degree=2, gamma=auto, coef0=0.0, class_weight=None",0.7663636363636364,0.7663636363636364,0.05937693015566522,0.8245454545454546,0.8245454545454545,2
Mes 3,SVM,"C=100, kernel=poly, degree=2, gamma=auto, coef0=1.0, class_weight=None",0.8318181818181818,0.8318181818181818,0.04045199174779454,0.8245454545454546,0.8245454545454545,2
Mes 3,SVM,"C=100, kernel=poly, degree=2, gamma=0.01, coef0=0.0, class_weight=None",0.77,0.77,0.05725107815939559,0.8245454545454546,0.8245454545454545,2
Mes 3,SVM,"C=100, kernel=poly, degree=2, gamma=0.01, coef0=1.0, class_weight=None",0.8363636363636363,0.8363636363636363,0.04397595135435573,0.8245454545454546,0.8245454545454545,2
Mes 3,SVM,"C=100, kernel=poly, degree=3, gamma=scale, coef0=0.0, class_weight=None",0.7654545454545455,0.7654545454545454,0.05825279761309378,0.8245454545454546,0.8245454545454545,2
Mes 3,SVM,"C=100, kernel=poly, degree=3, gamma=scale, coef0=1.0, class_weight=None",0.8272727272727273,0.8272727272727274,0.05037052791707296,0.8245454545454546,0.8245454545454545,2
Mes 3,SVM,"C=100, kernel=poly, degree=3, gamma=auto, coef0=0.0, class_weight=None",0.7654545454545455,0.7654545454545454,0.05825279761309378,0.8245454545454546,0.8245454545454545,2
Mes 3,SVM,"C=100, kernel=poly, degree=3, gamma=auto, coef0=1.0, class_weight=None",0.8272727272727273,0.8272727272727274,0.05037052791707296,0.8245454545454546,0.8245454545454545,2
Mes 3,SVM,"C=100, kernel=poly, degree=3, gamma=0.01, coef0=0.0, class_weight=None",0.7472727272727273,0.7472727272727273,0.06444935227187676,0.8245454545454546,0.8245454545454545,2
Mes 3,SVM,"C=100, kernel=poly, degree=3, gamma=0.01, coef0=1.0, class_weight=None",0.83,0.8300000000000001,0.04950999565160036,0.8245454545454546,0.8245454545454545,2
Mes 3,SVM,"C=100, kernel=poly, degree=4, gamma=scale, coef0=0.0, class_weight=None",0.7,0.7,0.06796936597279542,0.8245454545454546,0.8245454545454545,2
Mes 3,SVM,"C=100, kernel=poly, degree=4, gamma=scale, coef0=1.0, class_weight=None",0.8254545454545454,0.8254545454545454,0.055788858154786375,0.8245454545454546,0.8245454545454545,2
Mes 3,SVM,"C=100, kernel=poly, degree=4, gamma=auto, coef0=0.0, class_weight=None",0.7,0.7,0.06796936597279542,0.8245454545454546,0.8245454545454545,2
Mes 3,SVM,"C=100, kernel=poly, degree=4, gamma=auto, coef0=1.0, class_weight=None",0.8254545454545454,0.8254545454545454,0.055788858154786375,0.8245454545454546,0.8245454545454545,2
Mes 3,SVM,"C=100, kernel=poly, degree=4, gamma=0.01, coef0=0.0, class_weight=None",0.6654545454545454,0.6654545454545454,0.08588864595586677,0.8245454545454546,0.8245454545454545,2
Mes 3,SVM,"C=100, kernel=poly, degree=4, gamma=0.01, coef0=1.0, class_weight=None",0.83,0.8300000000000001,0.05344341256981478,0.8245454545454546,0.8245454545454545,2
Mes 3,LogisticRegression,"C=2, penalty=l2, solver=lbfgs, class_weight=None",0.83,0.8300000000000001,0.04789796317207088,0.8309090909090909,0.8309090909090908,1
Mes 3,LogisticRegression,"C=2, penalty=l2, solver=lbfgs, class_weight=balanced",0.83,0.8300000000000001,0.04789796317207088,0.8309090909090909,0.8309090909090908,1
Mes 3,LogisticRegression,"C=3, penalty=l2, solver=lbfgs, class_weight=None",0.8318181818181818,0.8318181818181818,0.04435022151872895,0.8309090909090909,0.8309090909090908,1
Mes 3,LogisticRegression,"C=3, penalty=l2, solver=lbfgs, class_weight=balanced",0.8318181818181818,0.8318181818181818,0.04435022151872895,0.8309090909090909,0.8309090909090908,1
Mes 3,LogisticRegression,"C=5, penalty=l2, solver=lbfgs, class_weight=None",0.8327272727272728,0.8327272727272728,0.050811594954480434,0.8309090909090909,0.8309090909090908,1
Mes 3,LogisticRegression,"C=5, penalty=l2, solver=lbfgs, class_weight=balanced",0.8327272727272728,0.8327272727272728,0.050811594954480434,0.8309090909090909,0.8309090909090908,1
Mes 3,LogisticRegression,"C=7, penalty=l2, solver=lbfgs, class_weight=None",0.8336363636363636,0.8336363636363636,0.05131333015152758,0.8309090909090909,0.8309090909090908,1
Mes 3,LogisticRegression,"C=7, penalty=l2, solver=lbfgs, class_weight=balanced",0.8336363636363636,0.8336363636363636,0.05131333015152758,0.8309090909090909,0.8309090909090908,1
Mes 3,LogisticRegression,"C=10, penalty=l2, solver=lbfgs, class_weight=None",0.83,0.8300000000000001,0.05645154435003646,0.8309090909090909,0.8309090909090908,1
Mes 3,LogisticRegression,"C=10, penalty=l2, solver=lbfgs, class_weight=balanced",0.83,0.8300000000000001,0.05645154435003646,0.8309090909090909,0.8309090909090908,1
Mes 3,LogisticRegression,"C=15, penalty=l2, solver=lbfgs, class_weight=None",0.83,0.8300000000000001,0.05405843180843091,0.8309090909090909,0.8309090909090908,1
Mes 3,LogisticRegression,"C=15, penalty=l2, solver=lbfgs, class_weight=balanced",0.83,0.8300000000000001,0.05405843180843091,0.8309090909090909,0.8309090909090908,1
Mes 3,LogisticRegression,"C=1, penalty=elasticnet, solver=saga, l1_ratio=0.1, class_weight=None",0.8318181818181818,0.8318181818181818,0.04853217387286961,0.8309090909090909,0.8309090909090908,2
Mes 3,LogisticRegression,"C=1, penalty=elasticnet, solver=saga, l1_ratio=0.1, class_weight=balanced",0.8318181818181818,0.8318181818181818,0.04853217387286961,0.8309090909090909,0.8309090909090908,2
Mes 3,LogisticRegression,"C=1, penalty=elasticnet, solver=saga, l1_ratio=0.3, class_weight=None",0.8327272727272728,0.8327272727272728,0.038289890343004895,0.8309090909090909,0.8309090909090908,2
Mes 3,LogisticRegression,"C=1, penalty=elasticnet, solver=saga, l1_ratio=0.3, class_weight=balanced",0.8327272727272728,0.8327272727272728,0.038289890343004895,0.8309090909090909,0.8309090909090908,2
Mes 3,LogisticRegression,"C=1, penalty=elasticnet, solver=saga, l1_ratio=0.5, class_weight=None",0.8345454545454546,0.8345454545454546,0.03905918374352877,0.8309090909090909,0.8309090909090908,2
Mes 3,LogisticRegression,"C=1, penalty=elasticnet, solver=saga, l1_ratio=0.5, class_weight=balanced",0.8345454545454546,0.8345454545454546,0.03905918374352877,0.8309090909090909,0.8309090909090908,2
Mes 3,LogisticRegression,"C=1, penalty=elasticnet, solver=saga, l1_ratio=0.7, class_weight=None",0.8272727272727273,0.8272727272727272,0.0418576888480776,0.8309090909090909,0.8309090909090908,2
Mes 3,LogisticRegression,"C=1, penalty=elasticnet, solver=saga, l1_ratio=0.7, class_weight=balanced",0.8272727272727273,0.8272727272727272,0.0418576888480776,0.8309090909090909,0.8309090909090908,2
Mes 3,LogisticRegression,"C=1, penalty=elasticnet, solver=saga, l1_ratio=0.9, class_weight=None",0.83,0.8300000000000001,0.03260076559462021,0.8309090909090909,0.8309090909090908,2
Mes 3,LogisticRegression,"C=1, penalty=elasticnet, solver=saga, l1_ratio=0.9, class_weight=balanced",0.83,0.8300000000000001,0.03260076559462021,0.8309090909090909,0.8309090909090908,2
Mes 3,LogisticRegression,"C=3, penalty=elasticnet, solver=saga, l1_ratio=0.1, class_weight=None",0.8318181818181818,0.8318181818181818,0.04827606562673365,0.8309090909090909,0.8309090909090908,2
Mes 3,LogisticRegression,"C=3, penalty=elasticnet, solver=saga, l1_ratio=0.1, class_weight=balanced",0.8318181818181818,0.8318181818181818,0.04827606562673365,0.8309090909090909,0.8309090909090908,2
Mes 3,LogisticRegression,"C=3, penalty=elasticnet, solver=saga, l1_ratio=0.3, class_weight=None",0.83,0.8300000000000001,0.04720274540271699,0.8309090909090909,0.8309090909090908,2
Mes 3,LogisticRegression,"C=3, penalty=elasticnet, solver=saga, l1_ratio=0.3, class_weight=balanced",0.83,0.8300000000000001,0.04720274540271699,0.8309090909090909,0.8309090909090908,2
Mes 3,LogisticRegression,"C=3, penalty=elasticnet, solver=saga, l1_ratio=0.5, class_weight=None",0.8336363636363636,0.8336363636363636,0.040818080582988456,0.8309090909090909,0.8309090909090908,2
Mes 3,LogisticRegression,"C=3, penalty=elasticnet, solver=saga, l1_ratio=0.5, class_weight=balanced",0.8336363636363636,0.8336363636363636,0.040818080582988456,0.8309090909090909,0.8309090909090908,2
Mes 3,LogisticRegression,"C=3, penalty=elasticnet, solver=saga, l1_ratio=0.7, class_weight=None",0.83,0.8300000000000001,0.04346557486502516,0.8309090909090909,0.8309090909090908,2
Mes 3,LogisticRegression,"C=3, penalty=elasticnet, solver=saga, l1_ratio=0.7, class_weight=balanced",0.83,0.8300000000000001,0.04346557486502516,0.8309090909090909,0.8309090909090908,2
Mes 3,LogisticRegression,"C=3, penalty=elasticnet, solver=saga, l1_ratio=0.9, class_weight=None",0.8290909090909091,0.8290909090909091,0.046140281965270966,0.8309090909090909,0.8309090909090908,2
Mes 3,LogisticRegression,"C=3, penalty=elasticnet, solver=saga, l1_ratio=0.9, class_weight=balanced",0.8290909090909091,0.8290909090909091,0.046140281965270966,0.8309090909090909,0.8309090909090908,2
Mes 3,LogisticRegression,"C=5, penalty=elasticnet, solver=saga, l1_ratio=0.1, class_weight=None",0.8318181818181818,0.8318181818181818,0.050452497910951306,0.8309090909090909,0.8309090909090908,2
Mes 3,LogisticRegression,"C=5, penalty=elasticnet, solver=saga, l1_ratio=0.1, class_weight=balanced",0.8318181818181818,0.8318181818181818,0.050452497910951306,0.8309090909090909,0.8309090909090908,2
Mes 3,LogisticRegression,"C=5, penalty=elasticnet, solver=saga, l1_ratio=0.3, class_weight=None",0.8336363636363636,0.8336363636363636,0.0512327374676559,0.8309090909090909,0.8309090909090908,2
Mes 3,LogisticRegression,"C=5, penalty=elasticnet, solver=saga, l1_ratio=0.3, class_weight=balanced",0.8336363636363636,0.8336363636363636,0.0512327374676559,0.8309090909090909,0.8309090909090908,2
Mes 3,LogisticRegression,"C=5, penalty=elasticnet, solver=saga, l1_ratio=0.5, class_weight=None",0.8345454545454546,0.8345454545454546,0.04950999565160038,0.8309090909090909,0.8309090909090908,2
Mes 3,LogisticRegression,"C=5, penalty=elasticnet, solver=saga, l1_ratio=0.5, class_weight=balanced",0.8345454545454546,0.8345454545454546,0.04950999565160038,0.8309090909090909,0.8309090909090908,2
Mes 3,LogisticRegression,"C=5, penalty=elasticnet, solver=saga, l1_ratio=0.7, class_weight=None",0.8309090909090909,0.830909090909091,0.052175799462842704,0.8309090909090909,0.8309090909090908,2
Mes 3,LogisticRegression,"C=5, penalty=elasticnet, solver=saga, l1_ratio=0.7, class_weight=balanced",0.8309090909090909,0.830909090909091,0.052175799462842704,0.8309090909090909,0.8309090909090908,2
Mes 3,LogisticRegression,"C=5, penalty=elasticnet, solver=saga, l1_ratio=0.9, class_weight=None",0.8272727272727273,0.8272727272727272,0.05069761270399521,0.8309090909090909,0.8309090909090908,2
Mes 3,LogisticRegression,"C=5, penalty=elasticnet, solver=saga, l1_ratio=0.9, class_weight=balanced",0.8272727272727273,0.8272727272727272,0.05069761270399521,0.8309090909090909,0.8309090909090908,2
Mes 3,LogisticRegression,"C=10, penalty=elasticnet, solver=saga, l1_ratio=0.1, class_weight=None",0.8318181818181818,0.8318181818181818,0.052774273722545416,0.8309090909090909,0.8309090909090908,2
Mes 3,LogisticRegression,"C=10, penalty=elasticnet, solver=saga, l1_ratio=0.1, class_weight=balanced",0.8318181818181818,0.8318181818181818,0.052774273722545416,0.8309090909090909,0.8309090909090908,2
Mes 3,LogisticRegression,"C=10, penalty=elasticnet, solver=saga, l1_ratio=0.3, class_weight=None",0.8318181818181818,0.8318181818181818,0.052774273722545416,0.8309090909090909,0.8309090909090908,2
Mes 3,LogisticRegression,"C=10, penalty=elasticnet, solver=saga, l1_ratio=0.3, class_weight=balanced",0.8318181818181818,0.8318181818181818,0.052774273722545416,0.8309090909090909,0.8309090909090908,2
Mes 3,LogisticRegression,"C=10, penalty=elasticnet, solver=saga, l1_ratio=0.5, class_weight=None",0.8318181818181818,0.8318181818181818,0.0547722557505166,0.8309090909090909,0.8309090909090908,2
Mes 3,LogisticRegression,"C=10, penalty=elasticnet, solver=saga, l1_ratio=0.5, class_weight=balanced",0.8318181818181818,0.8318181818181818,0.0547722557505166,0.8309090909090909,0.8309090909090908,2
Mes 3,LogisticRegression,"C=10, penalty=elasticnet, solver=saga, l1_ratio=0.7, class_weight=None",0.8336363636363636,0.8336363636363636,0.05352067647103645,0.8309090909090909,0.8309090909090908,2
Mes 3,LogisticRegression,"C=10, penalty=elasticnet, solver=saga, l1_ratio=0.7, class_weight=balanced",0.8336363636363636,0.8336363636363636,0.05352067647103645,0.8309090909090909,0.8309090909090908,2
Mes 3,LogisticRegression,"C=10, penalty=elasticnet, solver=saga, l1_ratio=0.9, class_weight=None",0.8309090909090909,0.8309090909090908,0.056729020952082536,0.8309090909090909,0.8309090909090908,2
Mes 3,LogisticRegression,"C=10, penalty=elasticnet, solver=saga, l1_ratio=0.9, class_weight=balanced",0.8309090909090909,0.8309090909090908,0.056729020952082536,0.8309090909090909,0.8309090909090908,2
Mes 6,SVM,"C=5, kernel=rbf, gamma=0.001, class_weight=None",0.7812852311161218,0.7812462246285775,0.059008589794494685,0.8511837655016911,0.8511414972812031,1
Mes 6,SVM,"C=5, kernel=rbf, gamma=0.001, class_weight=balanced",0.7812852311161218,0.7812462246285775,0.059008589794494685,0.8511837655016911,0.8511414972812031,1
Mes 6,SVM,"C=5, kernel=rbf, gamma=0.005, class_weight=None",0.8207440811724915,0.8206682940138823,0.05960885414305912,0.8511837655016911,0.8511414972812031,1
Mes 6,SVM,"C=5, kernel=rbf, gamma=0.005, class_weight=balanced",0.8207440811724915,0.8206682940138823,0.05960885414305912,0.8511837655016911,0.8511414972812031,1
Mes 6,SVM,"C=5, kernel=rbf, gamma=0.01, class_weight=None",0.8387824126268321,0.838621526856821,0.05722686728902365,0.8511837655016911,0.8511414972812031,1
Mes 6,SVM,"C=5, kernel=rbf, gamma=0.01, class_weight=balanced",0.8387824126268321,0.838621526856821,0.05722686728902365,0.8511837655016911,0.8511414972812031,1
Mes 6,SVM,"C=5, kernel=rbf, gamma=0.02, class_weight=None",0.846674182638106,0.8465708840708841,0.05029127908596274,0.8511837655016911,0.8511414972812031,1
Mes 6,SVM,"C=5, kernel=rbf, gamma=0.02, class_weight=balanced",0.846674182638106,0.8465708840708841,0.05029127908596274,0.8511837655016911,0.8511414972812031,1
Mes 6,SVM,"C=5, kernel=rbf, gamma=0.05, class_weight=None",0.8410372040586246,0.8410160512182572,0.039364469089506485,0.8511837655016911,0.8511414972812031,1
Mes 6,SVM,"C=5, kernel=rbf, gamma=0.05, class_weight=balanced",0.8410372040586246,0.8410160512182572,0.039364469089506485,0.8511837655016911,0.8511414972812031,1
Mes 6,SVM,"C=5, kernel=rbf, gamma=scale, class_weight=None",0.8432919954904171,0.8431769897762544,0.05321632453600593,0.8511837655016911,0.8511414972812031,1
Mes 6,SVM,"C=5, kernel=rbf, gamma=scale, class_weight=balanced",0.8432919954904171,0.8431769897762544,0.05321632453600593,0.8511837655016911,0.8511414972812031,1
Mes 6,SVM,"C=5, kernel=rbf, gamma=auto, class_weight=None",0.8432919954904171,0.8431769897762544,0.05321632453600593,0.8511837655016911,0.8511414972812031,1
Mes 6,SVM,"C=5, kernel=rbf, gamma=auto, class_weight=balanced",0.8432919954904171,0.8431769897762544,0.05321632453600593,0.8511837655016911,0.8511414972812031,1
Mes 6,SVM,"C=7, kernel=rbf, gamma=0.001, class_weight=None",0.7857948139797069,0.7857814416637946,0.059664616037015034,0.8511837655016911,0.8511414972812031,1
Mes 6,SVM,"C=7, kernel=rbf, gamma=0.001, class_weight=balanced",0.7857948139797069,0.7857814416637946,0.059664616037015034,0.8511837655016911,0.8511414972812031,1
Mes 6,SVM,"C=7, kernel=rbf, gamma=0.005, class_weight=None",0.8275084554678692,0.8274458450929039,0.054673896183508555,0.8511837655016911,0.8511414972812031,1
Mes 6,SVM,"C=7, kernel=rbf, gamma=0.005, class_weight=balanced",0.8275084554678692,0.8274458450929039,0.054673896183508555,0.8511837655016911,0.8511414972812031,1
Mes 6,SVM,"C=7, kernel=rbf, gamma=0.01, class_weight=None",0.8399098083427283,0.8397426938787232,0.05451388872278059,0.8511837655016911,0.8511414972812031,1
Mes 6,SVM,"C=7, kernel=rbf, gamma=0.01, class_weight=balanced",0.8399098083427283,0.8397426938787232,0.05451388872278059,0.8511837655016911,0.8511414972812031,1
Mes 6,SVM,"C=7, kernel=rbf, gamma=0.02, class_weight=None",0.846674182638106,0.8466214305368717,0.04180505866912648,0.8511837655016911,0.8511414972812031,1
Mes 6,SVM,"C=7, kernel=rbf, gamma=0.02, class_weight=balanced",0.846674182638106,0.8466214305368717,0.04180505866912648,0.8511837655016911,0.8511414972812031,1
Mes 6,SVM,"C=7, kernel=rbf, gamma=0.05, class_weight=None",0.8444193912063134,0.844379415794857,0.03746925271381248,0.8511837655016911,0.8511414972812031,1
Mes 6,SVM,"C=7, kernel=rbf, gamma=0.05, class_weight=balanced",0.8444193912063134,0.844379415794857,0.03746925271381248,0.8511837655016911,0.8511414972812031,1
Mes 6,SVM,"C=7, kernel=rbf, gamma=scale, class_weight=None",0.846674182638106,0.8465708840708841,0.05029127908596274,0.8511837655016911,0.8511414972812031,1
Mes 6,SVM,"C=7, kernel=rbf, gamma=scale, class_weight=balanced",0.846674182638106,0.8465708840708841,0.05029127908596274,0.8511837655016911,0.8511414972812031,1
Mes 6,SVM,"C=7, kernel=rbf, gamma=auto, class_weight=None",0.846674182638106,0.8465708840708841,0.05029127908596274,0.8511837655016911,0.8511414972812031,1
Mes 6,SVM,"C=7, kernel=rbf, gamma=auto, class_weight=balanced",0.846674182638106,0.8465708840708841,0.05029127908596274,0.8511837655016911,0.8511414972812031,1
Mes 6,SVM,"C=10, kernel=rbf, gamma=0.001, class_weight=None",0.8027057497181511,0.8026488134944018,0.06378903449708873,0.8511837655016911,0.8511414972812031,1
Mes 6,SVM,"C=10, kernel=rbf, gamma=0.001, class_weight=balanced",0.8027057497181511,0.8026488134944018,0.06378903449708873,0.8511837655016911,0.8511414972812031,1
Mes 6,SVM,"C=10, kernel=rbf, gamma=0.005, class_weight=None",0.8320180383314544,0.8319707319707319,0.04858012609986404,0.8511837655016911,0.8511414972812031,1
Mes 6,SVM,"C=10, kernel=rbf, gamma=0.005, class_weight=balanced",0.8320180383314544,0.8319707319707319,0.04858012609986404,0.8511837655016911,0.8511414972812031,1
Mes 6,SVM,"C=10, kernel=rbf, gamma=0.01, class_weight=None",0.8399098083427283,0.8397730407840702,0.0550818954745365,0.8511837655016911,0.8511414972812031,1
Mes 6,SVM,"C=10, kernel=rbf, gamma=0.01, class_weight=balanced",0.8399098083427283,0.8397730407840702,0.0550818954745365,0.8511837655016911,0.8511414972812031,1
Mes 6,SVM,"C=10, kernel=rbf, gamma=0.02, class_weight=None",0.8478015783540023,0.8477935121317475,0.048720656329487175,0.8511837655016911,0.8511414972812031,1
Mes 6,SVM,"C=10, kernel=rbf, gamma=0.02, class_weight=balanced",0.8478015783540023,0.8477935121317475,0.048720656329487175,0.8511837655016911,0.8511414972812031,1
Mes 6,SVM,"C=10, kernel=rbf, gamma=0.05, class_weight=None",0.8444193912063134,0.8443845577117637,0.03957781961445971,0.8511837655016911,0.8511414972812031,1
Mes 6,SVM,"C=10, kernel=rbf, gamma=0.05, class_weight=balanced",0.8444193912063134,0.8443845577117637,0.03957781961445971,0.8511837655016911,0.8511414972812031,1
Mes 6,SVM,"C=10, kernel=rbf, gamma=scale, class_weight=None",0.8511837655016911,0.8511414972812031,0.0455198711710135,0.8511837655016911,0.8511414972812031,1
Mes 6,SVM,"C=10, kernel=rbf, gamma=scale, class_weight=balanced",0.8511837655016911,0.8511414972812031,0.0455198711710135,0.8511837655016911,0.8511414972812031,1
Mes 6,SVM,"C=10, kernel=rbf, gamma=auto, class_weight=None",0.8511837655016911,0.8511414972812031,0.0455198711710135,0.8511837655016911,0.8511414972812031,1
Mes 6,SVM,"C=10, kernel=rbf, gamma=auto, class_weight=balanced",0.8511837655016911,0.8511414972812031,0.0455198711710135,0.8511837655016911,0.8511414972812031,1
Mes 6,SVM,"C=12, kernel=rbf, gamma=0.001, class_weight=None",0.8038331454340474,0.8038005565579095,0.06227212428072753,0.8511837655016911,0.8511414972812031,1
Mes 6,SVM,"C=12, kernel=rbf, gamma=0.001, class_weight=balanced",0.8038331454340474,0.8038005565579095,0.06227212428072753,0.8511837655016911,0.8511414972812031,1
Mes 6,SVM,"C=12, kernel=rbf, gamma=0.005, class_weight=None",0.8320180383314544,0.831975827564063,0.0454189485869091,0.8511837655016911,0.8511414972812031,1
Mes 6,SVM,"C=12, kernel=rbf, gamma=0.005, class_weight=balanced",0.8320180383314544,0.831975827564063,0.0454189485869091,0.8511837655016911,0.8511414972812031,1
Mes 6,SVM,"C=12, kernel=rbf, gamma=0.01, class_weight=None",0.8399098083427283,0.8398033413658414,0.05154279543882834,0.8511837655016911,0.8511414972812031,1
Mes 6,SVM,"C=12, kernel=rbf, gamma=0.01, class_weight=balanced",0.8399098083427283,0.8398033413658414,0.05154279543882834,0.8511837655016911,0.8511414972812031,1
Mes 6,SVM,"C=12, kernel=rbf, gamma=0.02, class_weight=None",0.85456595264938,0.8546065520330226,0.050767779636237326,0.8511837655016911,0.8511414972812031,1
Mes 6,SVM,"C=12, kernel=rbf, gamma=0.02, class_weight=balanced",0.85456595264938,0.8546065520330226,0.050767779636237326,0.8511837655016911,0.8511414972812031,1
Mes 6,SVM,"C=12, kernel=rbf, gamma=0.05, class_weight=None",0.8444193912063134,0.8443845577117637,0.03957781961445971,0.8511837655016911,0.8511414972812031,1
Mes 6,SVM,"C=12, kernel=rbf, gamma=0.05, class_weight=balanced",0.8444193912063134,0.8443845577117637,0.03957781961445971,0.8511837655016911,0.8511414972812031,1
Mes 6,SVM,"C=12, kernel=rbf, gamma=scale, class_weight=None",0.8489289740698985,0.8489144963409669,0.04788929676275391,0.8511837655016911,0.8511414972812031,1
Mes 6,SVM,"C=12, kernel=rbf, gamma=scale, class_weight=balanced",0.8489289740698985,0.8489144963409669,0.04788929676275391,0.8511837655016911,0.8511414972812031,1
Mes 6,SVM,"C=12, kernel=rbf, gamma=auto, class_weight=None",0.8489289740698985,0.8489144963409669,0.04788929676275391,0.8511837655016911,0.8511414972812031,1
Mes 6,SVM,"C=12, kernel=rbf, gamma=auto, class_weight=balanced",0.8489289740698985,0.8489144963409669,0.04788929676275391,0.8511837655016911,0.8511414972812031,1
Mes 6,SVM,"C=15, kernel=rbf, gamma=0.001, class_weight=None",0.8105975197294251,0.8105984461682991,0.061729886035361864,0.8511837655016911,0.8511414972812031,1
Mes 6,SVM,"C=15, kernel=rbf, gamma=0.001, class_weight=balanced",0.8105975197294251,0.8105984461682991,0.061729886035361864,0.8511837655016911,0.8511414972812031,1
Mes 6,SVM,"C=15, kernel=rbf, gamma=0.005, class_weight=None",0.8376550169109357,0.8375713813213813,0.04815675360151217,0.8511837655016911,0.8511414972812031,1
Mes 6,SVM,"C=15, kernel=rbf, gamma=0.005, class_weight=balanced",0.8376550169109357,0.8375713813213813,0.04815675360151217,0.8511837655016911,0.8511414972812031,1
Mes 6,SVM,"C=15, kernel=rbf, gamma=0.01, class_weight=None",0.8399098083427283,0.8398287291669645,0.04819057120173678,0.8511837655016911,0.8511414972812031,1
Mes 6,SVM,"C=15, kernel=rbf, gamma=0.01, class_weight=balanced",0.8399098083427283,0.8398287291669645,0.04819057120173678,0.8511837655016911,0.8511414972812031,1
Mes 6,SVM,"C=15, kernel=rbf, gamma=0.02, class_weight=None",0.8489289740698985,0.8489704601836955,0.05144627051826945,0.8511837655016911,0.8511414972812031,1
Mes 6,SVM,"C=15, kernel=rbf, gamma=0.02, class_weight=balanced",0.8489289740698985,0.8489704601836955,0.05144627051826945,0.8511837655016911,0.8511414972812031,1
Mes 6,SVM,"C=15, kernel=rbf, gamma=0.05, class_weight=None",0.8444193912063134,0.8443845577117637,0.03957781961445971,0.8511837655016911,0.8511414972812031,1
Mes 6,SVM,"C=15, kernel=rbf, gamma=0.05, class_weight=balanced",0.8444193912063134,0.8443845577117637,0.03957781961445971,0.8511837655016911,0.8511414972812031,1
Mes 6,SVM,"C=15, kernel=rbf, gamma=scale, class_weight=None",0.8455467869222097,0.8455459898474604,0.04802425752663345,0.8511837655016911,0.8511414972812031,1
Mes 6,SVM,"C=15, kernel=rbf, gamma=scale, class_weight=balanced",0.8455467869222097,0.8455459898474604,0.04802425752663345,0.8511837655016911,0.8511414972812031,1
Mes 6,SVM,"C=15, kernel=rbf, gamma=auto, class_weight=None",0.8455467869222097,0.8455459898474604,0.04802425752663345,0.8511837655016911,0.8511414972812031,1
Mes 6,SVM,"C=15, kernel=rbf, gamma=auto, class_weight=balanced",0.8455467869222097,0.8455459898474604,0.04802425752663345,0.8511837655016911,0.8511414972812031,1
Mes 6,SVM,"C=20, kernel=rbf, gamma=0.001, class_weight=None",0.8196166854565953,0.8195876187604129,0.05448246659448058,0.8511837655016911,0.8511414972812031,1
Mes 6,SVM,"C=20, kernel=rbf, gamma=0.001, class_weight=balanced",0.8196166854565953,0.8195876187604129,0.05448246659448058,0.8511837655016911,0.8511414972812031,1
Mes 6,SVM,"C=20, kernel=rbf, gamma=0.005, class_weight=None",0.8421645997745209,0.8421065520330226,0.04499908458686112,0.8511837655016911,0.8511414972812031,1
Mes 6,SVM,"C=20, kernel=rbf, gamma=0.005, class_weight=balanced",0.8421645997745209,0.8421065520330226,0.04499908458686112,0.8511837655016911,0.8511414972812031,1
Mes 6,SVM,"C=20, kernel=rbf, gamma=0.01, class_weight=None",0.8478015783540023,0.8477475566629978,0.043403499286105214,0.8511837655016911,0.8511414972812031,1
Mes 6,SVM,"C=20, kernel=rbf, gamma=0.01, class_weight=balanced",0.8478015783540023,0.8477475566629978,0.043403499286105214,0.8511837655016911,0.8511414972812031,1
Mes 6,SVM,"C=20, kernel=rbf, gamma=0.02, class_weight=None",0.8478015783540023,0.8478595306720307,0.05438246318243965,0.8511837655016911,0.8511414972812031,1
Mes 6,SVM,"C=20, kernel=rbf, gamma=0.02, class_weight=balanced",0.8478015783540023,0.8478595306720307,0.05438246318243965,0.8511837655016911,0.8511414972812031,1
Mes 6,SVM,"C=20, kernel=rbf, gamma=0.05, class_weight=None",0.8444193912063134,0.8443845577117637,0.03957781961445971,0.8511837655016911,0.8511414972812031,1
Mes 6,SVM,"C=20, kernel=rbf, gamma=0.05, class_weight=balanced",0.8444193912063134,0.8443845577117637,0.03957781961445971,0.8511837655016911,0.8511414972812031,1
Mes 6,SVM,"C=20, kernel=rbf, gamma=scale, class_weight=None",0.846674182638106,0.8467026456916164,0.04946481299962118,0.8511837655016911,0.8511414972812031,1
Mes 6,SVM,"C=20, kernel=rbf, gamma=scale, class_weight=balanced",0.846674182638106,0.8467026456916164,0.04946481299962118,0.8511837655016911,0.8511414972812031,1
Mes 6,SVM,"C=20, kernel=rbf, gamma=auto, class_weight=None",0.846674182638106,0.8467026456916164,0.04946481299962118,0.8511837655016911,0.8511414972812031,1
Mes 6,SVM,"C=20, kernel=rbf, gamma=auto, class_weight=balanced",0.846674182638106,0.8467026456916164,0.04946481299962118,0.8511837655016911,0.8511414972812031,1
Mes 6,SVM,"C=1, kernel=poly, degree=2, gamma=scale, coef0=0.0, class_weight=None",0.6234498308906427,0.6235295747244276,0.08971660054912832,0.8511837655016911,0.8511414972812031,2
Mes 6,SVM,"C=1, kernel=poly, degree=2, gamma=scale, coef0=1.0, class_weight=None",0.8173618940248027,0.8173704897050486,0.06325557708514958,0.8511837655016911,0.8511414972812031,2
Mes 6,SVM,"C=1, kernel=poly, degree=2, gamma=auto, coef0=0.0, class_weight=None",0.6234498308906427,0.6235295747244276,0.08971660054912832,0.8511837655016911,0.8511414972812031,2
Mes 6,SVM,"C=1, kernel=poly, degree=2, gamma=auto, coef0=1.0, class_weight=None",0.8173618940248027,0.8173704897050486,0.06325557708514958,0.8511837655016911,0.8511414972812031,2
Mes 6,SVM,"C=1, kernel=poly, degree=2, gamma=0.01, coef0=0.0, class_weight=None",0.5434047350620068,0.5434794256485432,0.09676483461463764,0.8511837655016911,0.8511414972812031,2
Mes 6,SVM,"C=1, kernel=poly, degree=2, gamma=0.01, coef0=1.0, class_weight=None",0.798196166854566,0.798169606625489,0.06581030595638859,0.8511837655016911,0.8511414972812031,2
Mes 6,SVM,"C=1, kernel=poly, degree=3, gamma=scale, coef0=0.0, class_weight=None",0.7113866967305524,0.7114321208071208,0.08589993245145221,0.8511837655016911,0.8511414972812031,2
Mes 6,SVM,"C=1, kernel=poly, degree=3, gamma=scale, coef0=1.0, class_weight=None",0.8432919954904171,0.8431968700351054,0.0551049136830325,0.8511837655016911,0.8511414972812031,2
Mes 6,SVM,"C=1, kernel=poly, degree=3, gamma=auto, coef0=0.0, class_weight=None",0.7113866967305524,0.7114321208071208,0.08589993245145221,0.8511837655016911,0.8511414972812031,2
Mes 6,SVM,"C=1, kernel=poly, degree=3, gamma=auto, coef0=1.0, class_weight=None",0.8432919954904171,0.8431968700351054,0.0551049136830325,0.8511837655016911,0.8511414972812031,2
Mes 6,SVM,"C=1, kernel=poly, degree=3, gamma=0.01, coef0=0.0, class_weight=None",0.5783540022547914,0.5785434904920199,0.095362689763814,0.8511837655016911,0.8511414972812031,2
Mes 6,SVM,"C=1, kernel=poly, degree=3, gamma=0.01, coef0=1.0, class_weight=None",0.8275084554678692,0.8274862466958055,0.05882968519464454,0.8511837655016911,0.8511414972812031,2
Mes 6,SVM,"C=1, kernel=poly, degree=4, gamma=scale, coef0=0.0, class_weight=None",0.5062006764374295,0.5064207561450208,0.11960666177060728,0.8511837655016911,0.8511414972812031,2
Mes 6,SVM,"C=1, kernel=poly, degree=4, gamma=scale, coef0=1.0, class_weight=None",0.8410372040586246,0.8410157319164672,0.05054874579188376,0.8511837655016911,0.8511414972812031,2
Mes 6,SVM,"C=1, kernel=poly, degree=4, gamma=auto, coef0=0.0, class_weight=None",0.5062006764374295,0.5064207561450208,0.11960666177060728,0.8511837655016911,0.8511414972812031,2
Mes 6,SVM,"C=1, kernel=poly, degree=4, gamma=auto, coef0=1.0, class_weight=None",0.8410372040586246,0.8410157319164672,0.05054874579188376,0.8511837655016911,0.8511414972812031,2
Mes 6,SVM,"C=1, kernel=poly, degree=4, gamma=0.01, coef0=0.0, class_weight=None",0.4317925591882751,0.4322263338807456,0.14601467962957473,0.8511837655016911,0.8511414972812031,2
Mes 6,SVM,"C=1, kernel=poly, degree=4, gamma=0.01, coef0=1.0, class_weight=None",0.8376550169109357,0.8375509063009063,0.05168242092742244,0.8511837655016911,0.8511414972812031,2
Mes 6,SVM,"C=10, kernel=poly, degree=2, gamma=scale, coef0=0.0, class_weight=None",0.7328072153325818,0.732835760225466,0.05366700920889453,0.8511837655016911,0.8511414972812031,2
Mes 6,SVM,"C=10, kernel=poly, degree=2, gamma=scale, coef0=1.0, class_weight=None",0.8387824126268321,0.8386923655306009,0.048312320691604814,0.8511837655016911,0.8511414972812031,2
Mes 6,SVM,"C=10, kernel=poly, degree=2, gamma=auto, coef0=0.0, class_weight=None",0.7328072153325818,0.732835760225466,0.05366700920889453,0.8511837655016911,0.8511414972812031,2
Mes 6,SVM,"C=10, kernel=poly, degree=2, gamma=auto, coef0=1.0, class_weight=None",0.8387824126268321,0.8386923655306009,0.048312320691604814,0.8511837655016911,0.8511414972812031,2
Mes 6,SVM,"C=10, kernel=poly, degree=2, gamma=0.01, coef0=0.0, class_weight=None",0.6989853438556933,0.6990090179428414,0.07863196207481098,0.8511837655016911,0.8511414972812031,2
Mes 6,SVM,"C=10, kernel=poly, degree=2, gamma=0.01, coef0=1.0, class_weight=None",0.8331454340473506,0.833066557515087,0.05297665837618284,0.8511837655016911,0.8511414972812031,2
Mes 6,SVM,"C=10, kernel=poly, degree=3, gamma=scale, coef0=0.0, class_weight=None",0.7801578354002254,0.7802266088111676,0.053876037308842856,0.8511837655016911,0.8511414972812031,2
Mes 6,SVM,"C=10, kernel=poly, degree=3, gamma=scale, coef0=1.0, class_weight=None",0.830890642615558,0.8308750453971042,0.058923907936024957,0.8511837655016911,0.8511414972812031,2
Mes 6,SVM,"C=10, kernel=poly, degree=3, gamma=auto, coef0=0.0, class_weight=None",0.7801578354002254,0.7802266088111676,0.053876037308842856,0.8511837655016911,0.8511414972812031,2
Mes 6,SVM,"C=10, kernel=poly, degree=3, gamma=auto, coef0=1.0, class_weight=None",0.830890642615558,0.8308750453971042,0.058923907936024957,0.8511837655016911,0.8511414972812031,2
Mes 6,SVM,"C=10, kernel=poly, degree=3, gamma=0.01, coef0=0.0, class_weight=None",0.7576099210822999,0.7578091829010947,0.07704687042392713,0.8511837655016911,0.8511414972812031,2
Mes 6,SVM,"C=10, kernel=poly, degree=3, gamma=0.01, coef0=1.0, class_weight=None",0.8354002254791432,0.8353544350786998,0.051648118281263734,0.8511837655016911,0.8511414972812031,2
Mes 6,SVM,"C=10, kernel=poly, degree=4, gamma=scale, coef0=0.0, class_weight=None",0.6268320180383314,0.6268614905563434,0.0967088617102835,0.8511837655016911,0.8511414972812031,2
Mes 6,SVM,"C=10, kernel=poly, degree=4, gamma=scale, coef0=1.0, class_weight=None",0.8399098083427283,0.8398796437399378,0.057246804825402134,0.8511837655016911,0.8511414972812031,2
Mes 6,SVM,"C=10, kernel=poly, degree=4, gamma=auto, coef0=0.0, class_weight=None",0.6268320180383314,0.6268614905563434,0.0967088617102835,0.8511837655016911,0.8511414972812031,2
Mes 6,SVM,"C=10, kernel=poly, degree=4, gamma=auto, coef0=1.0, class_weight=None",0.8399098083427283,0.8398796437399378,0.057246804825402134,0.8511837655016911,0.8511414972812031,2
Mes 6,SVM,"C=10, kernel=poly, degree=4, gamma=0.01, coef0=0.0, class_weight=None",0.5434047350620068,0.5435697764741882,0.1077429334868897,0.8511837655016911,0.8511414972812031,2
Mes 6,SVM,"C=10, kernel=poly, degree=4, gamma=0.01, coef0=1.0, class_weight=None",0.826381059751973,0.8263449702787938,0.05838108852418183,0.8511837655016911,0.8511414972812031,2
Mes 6,SVM,"C=100, kernel=poly, degree=2, gamma=scale, coef0=0.0, class_weight=None",0.7429537767756482,0.7431436971878148,0.05976163392429131,0.8511837655016911,0.8511414972812031,2
Mes 6,SVM,"C=100, kernel=poly, degree=2, gamma=scale, coef0=1.0, class_weight=None",0.8432919954904171,0.8432583414201061,0.051146338928819486,0.8511837655016911,0.8511414972812031,2
Mes 6,SVM,"C=100, kernel=poly, degree=2, gamma=auto, coef0=0.0, class_weight=None",0.7429537767756482,0.7431436971878148,0.05976163392429131,0.8511837655016911,0.8511414972812031,2
Mes 6,SVM,"C=100, kernel=poly, degree=2, gamma=auto, coef0=1.0, class_weight=None",0.8432919954904171,0.8432583414201061,0.051146338928819486,0.8511837655016911,0.8511414972812031,2
Mes 6,SVM,"C=100, kernel=poly, degree=2, gamma=0.01, coef0=0.0, class_weight=None",0.7463359639233371,0.7465627964708847,0.061443342553468935,0.8511837655016911,0.8511414972812031,2
Mes 6,SVM,"C=100, kernel=poly, degree=2, gamma=0.01, coef0=1.0, class_weight=None",0.8432919954904171,0.8432984675631734,0.04827440465637399,0.8511837655016911,0.8511414972812031,2
Mes 6,SVM,"C=100, kernel=poly, degree=3, gamma=scale, coef0=0.0, class_weight=None",0.7891770011273957,0.7891452645129116,0.05627995692204781,0.8511837655016911,0.8511414972812031,2
Mes 6,SVM,"C=100, kernel=poly, degree=3, gamma=scale, coef0=1.0, class_weight=None",0.8331454340473506,0.8331374888360182,0.05591557114122311,0.8511837655016911,0.8511414972812031,2
Mes 6,SVM,"C=100, kernel=poly, degree=3, gamma=auto, coef0=0.0, class_weight=None",0.7891770011273957,0.7891452645129116,0.05627995692204781,0.8511837655016911,0.8511414972812031,2
Mes 6,SVM,"C=100, kernel=poly, degree=3, gamma=auto, coef0=1.0, class_weight=None",0.8331454340473506,0.8331374888360182,0.05591557114122311,0.8511837655016911,0.8511414972812031,2
Mes 6,SVM,"C=100, kernel=poly, degree=3, gamma=0.01, coef0=0.0, class_weight=None",0.7993235625704622,0.7993568360296301,0.04860035794763289,0.8511837655016911,0.8511414972812031,2
Mes 6,SVM,"C=100, kernel=poly, degree=3, gamma=0.01, coef0=1.0, class_weight=None",0.8421645997745209,0.8421723877606231,0.05151771992483178,0.8511837655016911,0.8511414972812031,2
Mes 6,SVM,"C=100, kernel=poly, degree=4, gamma=scale, coef0=0.0, class_weight=None",0.6662908680947013,0.6663042177748061,0.06899030174243567,0.8511837655016911,0.8511414972812031,2
Mes 6,SVM,"C=100, kernel=poly, degree=4, gamma=scale, coef0=1.0, class_weight=None",0.8399098083427283,0.8398745018230312,0.055256380850146766,0.8511837655016911,0.8511414972812031,2
Mes 6,SVM,"C=100, kernel=poly, degree=4, gamma=auto, coef0=0.0, class_weight=None",0.6662908680947013,0.6663042177748061,0.06899030174243567,0.8511837655016911,0.8511414972812031,2
Mes 6,SVM,"C=100, kernel=poly, degree=4, gamma=auto, coef0=1.0, class_weight=None",0.8399098083427283,0.8398745018230312,0.055256380850146766,0.8511837655016911,0.8511414972812031,2
Mes 6,SVM,"C=100, kernel=poly, degree=4, gamma=0.01, coef0=0.0, class_weight=None",0.644870349492672,0.6449115934410052,0.07935068355364847,0.8511837655016911,0.8511414972812031,2
Mes 6,SVM,"C=100, kernel=poly, degree=4, gamma=0.01, coef0=1.0, class_weight=None",0.8320180383314544,0.8320214174074468,0.05635914979526293,0.8511837655016911,0.8511414972812031,2
Mes 6,LogisticRegression,"C=2, penalty=l2, solver=lbfgs, class_weight=None",0.8376550169109357,0.8377283479305538,0.05043476310876646,0.8399098083427283,0.8400111299008358,1
Mes 6,LogisticRegression,"C=2, penalty=l2, solver=lbfgs, class_weight=balanced",0.8376550169109357,0.8377283479305538,0.05043476310876646,0.8399098083427283,0.8400111299008358,1
Mes 6,LogisticRegression,"C=3, penalty=l2, solver=lbfgs, class_weight=None",0.8376550169109357,0.8377537820552526,0.05368423926451161,0.8399098083427283,0.8400111299008358,1
Mes 6,LogisticRegression,"C=3, penalty=l2, solver=lbfgs, class_weight=balanced",0.8376550169109357,0.8377537820552526,0.05368423926451161,0.8399098083427283,0.8400111299008358,1
Mes 6,LogisticRegression,"C=5, penalty=l2, solver=lbfgs, class_weight=None",0.8365276211950394,0.8366223311995371,0.05387422132700825,0.8399098083427283,0.8400111299008358,1
Mes 6,LogisticRegression,"C=5, penalty=l2, solver=lbfgs, class_weight=balanced",0.8365276211950394,0.8366223311995371,0.05387422132700825,0.8399098083427283,0.8400111299008358,1
Mes 6,LogisticRegression,"C=7, penalty=l2, solver=lbfgs, class_weight=None",0.8387824126268321,0.8388899165553576,0.053262378601039245,0.8399098083427283,0.8400111299008358,1
Mes 6,LogisticRegression,"C=7, penalty=l2, solver=lbfgs, class_weight=balanced",0.8387824126268321,0.8388899165553576,0.053262378601039245,0.8399098083427283,0.8400111299008358,1
Mes 6,LogisticRegression,"C=10, penalty=l2, solver=lbfgs, class_weight=None",0.830890642615558,0.831042110545787,0.05160115758308076,0.8399098083427283,0.8400111299008358,1
Mes 6,LogisticRegression,"C=10, penalty=l2, solver=lbfgs, class_weight=balanced",0.830890642615558,0.831042110545787,0.05160115758308076,0.8399098083427283,0.8400111299008358,1
Mes 6,LogisticRegression,"C=15, penalty=l2, solver=lbfgs, class_weight=None",0.8297632468996617,0.8299057469094233,0.05101770439205735,0.8399098083427283,0.8400111299008358,1
Mes 6,LogisticRegression,"C=15, penalty=l2, solver=lbfgs, class_weight=balanced",0.8297632468996617,0.8299057469094233,0.05101770439205735,0.8399098083427283,0.8400111299008358,1
Mes 6,LogisticRegression,"C=1, penalty=elasticnet, solver=saga, l1_ratio=0.1, class_weight=None",0.8342728297632469,0.8343142077517077,0.05674370585876177,0.8399098083427283,0.8400111299008358,2
Mes 6,LogisticRegression,"C=1, penalty=elasticnet, solver=saga, l1_ratio=0.1, class_weight=balanced",0.8342728297632469,0.8343142077517077,0.05674370585876177,0.8399098083427283,0.8400111299008358,2
Mes 6,LogisticRegression,"C=1, penalty=elasticnet, solver=saga, l1_ratio=0.3, class_weight=None",0.8354002254791432,0.8354100332960628,0.05993326589399076,0.8399098083427283,0.8400111299008358,2
Mes 6,LogisticRegression,"C=1, penalty=elasticnet, solver=saga, l1_ratio=0.3, class_weight=balanced",0.8354002254791432,0.8354100332960628,0.05993326589399076,0.8399098083427283,0.8400111299008358,2
Mes 6,LogisticRegression,"C=1, penalty=elasticnet, solver=saga, l1_ratio=0.5, class_weight=None",0.8342728297632469,0.8343043821904117,0.05593497812005893,0.8399098083427283,0.8400111299008358,2
Mes 6,LogisticRegression,"C=1, penalty=elasticnet, solver=saga, l1_ratio=0.5, class_weight=balanced",0.8342728297632469,0.8343043821904117,0.05593497812005893,0.8399098083427283,0.8400111299008358,2
Mes 6,LogisticRegression,"C=1, penalty=elasticnet, solver=saga, l1_ratio=0.7, class_weight=None",0.830890642615558,0.83093082642715,0.06453344364182494,0.8399098083427283,0.8400111299008358,2
Mes 6,LogisticRegression,"C=1, penalty=elasticnet, solver=saga, l1_ratio=0.7, class_weight=balanced",0.830890642615558,0.83093082642715,0.06453344364182494,0.8399098083427283,0.8400111299008358,2
Mes 6,LogisticRegression,"C=1, penalty=elasticnet, solver=saga, l1_ratio=0.9, class_weight=None",0.8365276211950394,0.836607273555803,0.06351374648909364,0.8399098083427283,0.8400111299008358,2
Mes 6,LogisticRegression,"C=1, penalty=elasticnet, solver=saga, l1_ratio=0.9, class_weight=balanced",0.8365276211950394,0.836607273555803,0.06351374648909364,0.8399098083427283,0.8400111299008358,2
Mes 6,LogisticRegression,"C=3, penalty=elasticnet, solver=saga, l1_ratio=0.1, class_weight=None",0.8320180383314544,0.8321226029865736,0.056483881904035284,0.8399098083427283,0.8400111299008358,2
Mes 6,LogisticRegression,"C=3, penalty=elasticnet, solver=saga, l1_ratio=0.1, class_weight=balanced",0.8320180383314544,0.8321226029865736,0.056483881904035284,0.8399098083427283,0.8400111299008358,2
Mes 6,LogisticRegression,"C=3, penalty=elasticnet, solver=saga, l1_ratio=0.3, class_weight=None",0.8354002254791432,0.8355470269992329,0.05475492424257683,0.8399098083427283,0.8400111299008358,2
Mes 6,LogisticRegression,"C=3, penalty=elasticnet, solver=saga, l1_ratio=0.3, class_weight=balanced",0.8354002254791432,0.8355470269992329,0.05475492424257683,0.8399098083427283,0.8400111299008358,2
Mes 6,LogisticRegression,"C=3, penalty=elasticnet, solver=saga, l1_ratio=0.5, class_weight=None",0.8387824126268321,0.8389458803980863,0.057780819729955635,0.8399098083427283,0.8400111299008358,2
Mes 6,LogisticRegression,"C=3, penalty=elasticnet, solver=saga, l1_ratio=0.5, class_weight=balanced",0.8387824126268321,0.8389458803980863,0.057780819729955635,0.8399098083427283,0.8400111299008358,2
Mes 6,LogisticRegression,"C=3, penalty=elasticnet, solver=saga, l1_ratio=0.7, class_weight=None",0.8354002254791432,0.8355267347914406,0.05293911397609782,0.8399098083427283,0.8400111299008358,2
Mes 6,LogisticRegression,"C=3, penalty=elasticnet, solver=saga, l1_ratio=0.7, class_weight=balanced",0.8354002254791432,0.8355267347914406,0.05293911397609782,0.8399098083427283,0.8400111299008358,2
Mes 6,LogisticRegression,"C=3, penalty=elasticnet, solver=saga, l1_ratio=0.9, class_weight=None",0.8387824126268321,0.8389407848047554,0.06029641682958835,0.8399098083427283,0.8400111299008358,2
Mes 6,LogisticRegression,"C=3, penalty=elasticnet, solver=saga, l1_ratio=0.9, class_weight=balanced",0.8387824126268321,0.8389407848047554,0.06029641682958835,0.8399098083427283,0.8400111299008358,2
Mes 6,LogisticRegression,"C=5, penalty=elasticnet, solver=saga, l1_ratio=0.1, class_weight=None",0.8376550169109357,0.8377384026281086,0.05293863866082005,0.8399098083427283,0.8400111299008358,2
Mes 6,LogisticRegression,"C=5, penalty=elasticnet, solver=saga, l1_ratio=0.1, class_weight=balanced",0.8376550169109357,0.8377384026281086,0.05293863866082005,0.8399098083427283,0.8400111299008358,2
Mes 6,LogisticRegression,"C=5, penalty=elasticnet, solver=saga, l1_ratio=0.3, class_weight=None",0.8342728297632469,0.834380362781098,0.054351284448692194,0.8399098083427283,0.8400111299008358,2
Mes 6,LogisticRegression,"C=5, penalty=elasticnet, solver=saga, l1_ratio=0.3, class_weight=balanced",0.8342728297632469,0.834380362781098,0.054351284448692194,0.8399098083427283,0.8400111299008358,2
Mes 6,LogisticRegression,"C=5, penalty=elasticnet, solver=saga, l1_ratio=0.5, class_weight=None",0.8354002254791432,0.835511584500555,0.053110649959410935,0.8399098083427283,0.8400111299008358,2
Mes 6,LogisticRegression,"C=5, penalty=elasticnet, solver=saga, l1_ratio=0.5, class_weight=balanced",0.8354002254791432,0.835511584500555,0.053110649959410935,0.8399098083427283,0.8400111299008358,2
Mes 6,LogisticRegression,"C=5, penalty=elasticnet, solver=saga, l1_ratio=0.7, class_weight=None",0.830890642615558,0.8310068971833677,0.050428062051125114,0.8399098083427283,0.8400111299008358,2
Mes 6,LogisticRegression,"C=5, penalty=elasticnet, solver=saga, l1_ratio=0.7, class_weight=balanced",0.830890642615558,0.8310068971833677,0.050428062051125114,0.8399098083427283,0.8400111299008358,2
Mes 6,LogisticRegression,"C=5, penalty=elasticnet, solver=saga, l1_ratio=0.9, class_weight=None",0.8354002254791432,0.8355265056551822,0.05230031937138861,0.8399098083427283,0.8400111299008358,2
Mes 6,LogisticRegression,"C=5, penalty=elasticnet, solver=saga, l1_ratio=0.9, class_weight=balanced",0.8354002254791432,0.8355265056551822,0.05230031937138861,0.8399098083427283,0.8400111299008358,2
Mes 6,LogisticRegression,"C=10, penalty=elasticnet, solver=saga, l1_ratio=0.1, class_weight=None",0.8365276211950394,0.8366376643031055,0.050118843303264764,0.8399098083427283,0.8400111299008358,2
Mes 6,LogisticRegression,"C=10, penalty=elasticnet, solver=saga, l1_ratio=0.1, class_weight=balanced",0.8365276211950394,0.8366376643031055,0.050118843303264764,0.8399098083427283,0.8400111299008358,2
Mes 6,LogisticRegression,"C=10, penalty=elasticnet, solver=saga, l1_ratio=0.3, class_weight=None",0.8331454340473506,0.8332488656018067,0.050070351385648165,0.8399098083427283,0.8400111299008358,2
Mes 6,LogisticRegression,"C=10, penalty=elasticnet, solver=saga, l1_ratio=0.3, class_weight=balanced",0.8331454340473506,0.8332488656018067,0.050070351385648165,0.8399098083427283,0.8400111299008358,2
Mes 6,LogisticRegression,"C=10, penalty=elasticnet, solver=saga, l1_ratio=0.5, class_weight=None",0.8331454340473506,0.8332539611951376,0.04744289729305902,0.8399098083427283,0.8400111299008358,2
Mes 6,LogisticRegression,"C=10, penalty=elasticnet, solver=saga, l1_ratio=0.5, class_weight=balanced",0.8331454340473506,0.8332539611951376,0.04744289729305902,0.8399098083427283,0.8400111299008358,2
Mes 6,LogisticRegression,"C=10, penalty=elasticnet, solver=saga, l1_ratio=0.7, class_weight=None",0.8297632468996617,0.8299008341287754,0.04976742203514162,0.8399098083427283,0.8400111299008358,2
Mes 6,LogisticRegression,"C=10, penalty=elasticnet, solver=saga, l1_ratio=0.7, class_weight=balanced",0.8297632468996617,0.8299008341287754,0.04976742203514162,0.8399098083427283,0.8400111299008358,2
Mes 6,LogisticRegression,"C=10, penalty=elasticnet, solver=saga, l1_ratio=0.9, class_weight=None",0.8320180383314544,0.8321735150779268,0.04718361232589491,0.8399098083427283,0.8400111299008358,2
Mes 6,LogisticRegression,"C=10, penalty=elasticnet, solver=saga, l1_ratio=0.9, class_weight=balanced",0.8320180383314544,0.8321735150779268,0.04718361232589491,0.8399098083427283,0.8400111299008358,2
